Submission Date,Creator,Platform,Campaign,Status,Views,Amount Paid,Submission URL
"Nov 7, 2025, 06:34 AM",instagrammer,Instagram,BetOnline/Wild Casino Watermark,Approved,9460,$4.73,https://www.instagram.com/reel/DQwWF9fjWDi/?igsh=cGNjNTN3aDU4NTBr
"Nov 7, 2025, 06:32 AM",instagrammer,Instagram,BetOnline/Wild Casino Watermark,Approved,4709,$0.00,https://www.instagram.com/reel/DQwVxQ3jrZk/?igsh=MXhvdnd3MmJ1dmY0Mg==
"Nov 7, 2025, 05:09 AM",instagrammer,Instagram,BetOnline/Wild Casino Watermark,Approved,4262,$0.00,https://www.instagram.com/reel/DQwMabfDrag/?igsh=dW41Z3Ruc29hcjBv
"Nov 7, 2025, 05:08 AM",instagrammer,Instagram,BetOnline/Wild Casino Watermark,Approved,14974,$7.49,https://www.instagram.com/reel/DQwMPeSDfGg/?igsh=aG9lazFrMmtxM21r
"Nov 7, 2025, 04:06 AM",instagrammer,Instagram,BetOnline/Wild Casino Watermark,Approved,37878,$18.94,https://www.instagram.com/reel/DQwFDvVjpW7/?igsh=MWVnYjAwYzV3YnBlMA==
"Nov 7, 2025, 02:00 AM",Rich 💲,Instagram,BetOnline/Wild Casino Watermark,Approved,14890,$7.45,https://www.instagram.com/reel/DQv23Jkk8yC/?igsh=MXY1cjBuODVnYXZqbQ==
"Nov 6, 2025, 09:56 PM",Rich 💲,Instagram,BetOnline/Wild Casino Watermark,Approved,41438,$20.72,https://www.instagram.com/reel/DQva4vWgZI1/?igsh=MWV4bnZrYWVzZjVrZQ==
"Nov 6, 2025, 09:54 PM",Rich 💲,Instagram,BetOnline/Wild Casino Watermark,Approved,41443,$20.72,https://www.instagram.com/reel/DQvaiOoEpY_/?igsh=MWU0ZjRxend5a3Q5ZQ==
"Nov 6, 2025, 09:54 PM",Rich 💲,Instagram,BetOnline/Wild Casino Watermark,Approved,30019,$15.01,https://www.instagram.com/reel/DQvajLBEgn6/?igsh=bmF3bm5sb3ZzbGJ0
"Nov 6, 2025, 09:52 PM",Rich 💲,Instagram,BetOnline/Wild Casino Watermark,Approved,346041,$173.02,https://www.instagram.com/reel/DQvaFWSAUaN/?igsh=bTV6djZ3emI0Ymxq
"Nov 6, 2025, 09:51 PM",Rich 💲,Instagram,BetOnline/Wild Casino Watermark,Approved,3873,$0.00,https://www.instagram.com/reel/DQvaL2TE_q6/?igsh=MWM2b2pha3J1cWZ0bw==
"Nov 6, 2025, 09:36 PM",Rich 💲,Instagram,BetOnline/Wild Casino Watermark,Approved,174269,$87.13,https://www.instagram.com/reel/DQvYZxPkjtB/?igsh=b3Npajlqa3B0dzU4
"Nov 6, 2025, 09:29 PM",Rich 💲,Instagram,BetOnline/Wild Casino Watermark,Approved,81156,$40.58,https://www.instagram.com/reel/DQvXkqoE1Qn/?igsh=MXAzcnpnNzEwcTlvMQ==
"Nov 6, 2025, 09:29 PM",Chris B,Instagram,BetOnline/Wild Casino Watermark,Approved,172248,$86.12,https://www.instagram.com/reel/DQvXiyVEYdE/?igsh=MThscGczNzI5a2Y2OQ==
"Nov 6, 2025, 07:33 PM",Rich 💲,Instagram,BetOnline/Wild Casino Watermark,Approved,143564,$71.78,https://www.instagram.com/reel/DQvKPAgEoim/?igsh=MXR4YWh0bWI1ZDdhag==
"Nov 6, 2025, 06:39 PM",Rich 💲,Instagram,BetOnline/Wild Casino Watermark,Approved,345733,$172.87,https://www.instagram.com/reel/DQvEHIFEjK7/?igsh=bWpzdDZ3amNjenFi
"Nov 6, 2025, 05:25 PM",Rich 💲,Instagram,BetOnline/Wild Casino Watermark,Approved,256436,$128.22,https://www.instagram.com/reel/DQu7YFMk_Ms/?igsh=a2JtODBpY2cwNXVi
"Nov 6, 2025, 05:17 PM",Rich 💲,Instagram,BetOnline/Wild Casino Watermark,Approved,61095,$30.55,https://www.instagram.com/reel/DQu61hJE09C/?igsh=NWtoaWlkcmFpcW9o
"Nov 6, 2025, 05:07 PM",Rich 💲,Instagram,BetOnline/Wild Casino Watermark,Approved,21779,$10.89,https://www.instagram.com/reel/DQu5p0lk72X/?igsh=Ymx6bWdwaDhtcXRt
"Nov 6, 2025, 04:49 PM",Rich 💲,Instagram,BetOnline/Wild Casino Watermark,Approved,27910,$13.96,https://www.instagram.com/reel/DQu3aMCklDM/?igsh=MXUxemJwbTBmMGw5bQ==
"Nov 6, 2025, 04:49 PM",Rich 💲,Instagram,BetOnline/Wild Casino Watermark,Approved,21348,$10.67,https://www.instagram.com/reel/DQu3ftwE0fg/?igsh=MTl3ZzV3ajd0cGR2ZQ==
"Nov 6, 2025, 04:41 PM",Rich 💲,Instagram,BetOnline/Wild Casino Watermark,Approved,107982,$53.99,https://www.instagram.com/reel/DQu2ZpDkvBX/?igsh=MXUxaGl6emM3dDMwaA==
"Nov 6, 2025, 04:39 PM",Rich 💲,Instagram,BetOnline/Wild Casino Watermark,Approved,63396,$31.70,https://www.instagram.com/reel/DQu2cMtk1vW/?igsh=MW96N3M2MDR0eW1ibQ==
"Nov 6, 2025, 04:38 PM",Rich 💲,Instagram,BetOnline/Wild Casino Watermark,Approved,107311,$53.66,https://www.instagram.com/reel/DQu159rkYfR/?igsh=bWoxZHh0MXlibnlx
"Nov 6, 2025, 04:26 PM",Rich 💲,Instagram,BetOnline/Wild Casino Watermark,Approved,83308,$41.65,https://www.instagram.com/reel/DQu0vDtkyqL/?igsh=dHhkMG1hanByYzR2
"Nov 6, 2025, 04:25 PM",Rich 💲,Instagram,BetOnline/Wild Casino Watermark,Approved,33717,$16.86,https://www.instagram.com/reel/DQu0UPEEyYy/?igsh=engxMWdlMmpmZ3U2
"Nov 6, 2025, 04:22 PM",Rich 💲,Instagram,BetOnline/Wild Casino Watermark,Approved,48681,$24.34,https://www.instagram.com/reel/DQu0gfGEyzx/?igsh=NXd6bjB0NmZpeDlp
"Nov 6, 2025, 03:12 PM",Tolga Bal,Instagram,BetOnline/Wild Casino Watermark,Approved,54516,$27.26,https://www.instagram.com/reel/DQush92CGcF/?igsh=aTEyd2hqeG53cjFk
"Nov 6, 2025, 02:37 PM",Rich 💲,Instagram,BetOnline/Wild Casino Watermark,Approved,7723,$3.86,https://www.instagram.com/reel/DQuoffBida1/?igsh=MTQ2a2IyYXg2ZXJjMQ==
"Nov 6, 2025, 02:30 PM",TAHSIN AHMED,Instagram,BetOnline/Wild Casino Watermark,Approved,33668,$16.83,https://www.instagram.com/reel/DQrdfSEgiOS/?igsh=MXd3NXlyemM4Y2FiaA==
"Nov 6, 2025, 01:04 PM",Fulltimetweets ,Instagram,BetOnline/Wild Casino Watermark,Approved,6541,$3.27,https://www.instagram.com/reel/DQsP_dLCJug/?igsh=OTNteDNkemU0NHE4
"Nov 6, 2025, 01:01 PM",Fulltimetweets ,Instagram,BetOnline/Wild Casino Watermark,Approved,5772,$2.89,https://www.instagram.com/reel/DQpQ03YiCHr/?igsh=cmNlaTdsOXRkbWxm
"Nov 6, 2025, 12:58 PM",Wellnon,Instagram,BetOnline/Wild Casino Watermark,Approved,55096,$27.55,https://www.instagram.com/reel/DQudNYYCDI2/?igsh=MXF4ZnhweW04dXozaw==
"Nov 6, 2025, 12:36 PM",SC Enterprises,Instagram,BetOnline/Wild Casino Watermark,Approved,96825,$48.41,https://www.instagram.com/reel/DQualhpiHhS/?igsh=cDM2eHQyODdvOHg2
"Nov 6, 2025, 11:42 AM",Jason,Instagram,BetOnline/Wild Casino Watermark,Approved,1123182,$300.00,https://www.instagram.com/reel/DQuPXg-CQDM/?igsh=MWlld3UxYXVpajE5eA==
"Nov 6, 2025, 11:35 AM",Frankie,Instagram,BetOnline/Wild Casino Watermark,Approved,358517,$179.26,https://www.instagram.com/reel/DQuTmzNDdRc/?igsh=Y2FhaXl0YXJuYWk2
"Nov 6, 2025, 10:49 AM",Tolga Bal,Instagram,BetOnline/Wild Casino Watermark,Approved,353733,$176.87,https://www.instagram.com/reel/DQuOX8JiOyK/?igsh=MTVlN3BsMmRrZmJxYg==
"Nov 6, 2025, 10:48 AM",Frankie,Instagram,BetOnline/Wild Casino Watermark,Approved,263425,$131.71,https://www.instagram.com/reel/DQuOR40DSF7/?igsh=MTB4bnNvMHB0cnc3dA==
"Nov 6, 2025, 10:14 AM",Brad,Instagram,BetOnline/Wild Casino Watermark,Approved,227110,$113.56,https://www.instagram.com/reel/DQuKRWuEWbw/?igsh=c2MweDY2NG1jb2Y=
"Nov 6, 2025, 09:56 AM",Brad,Instagram,BetOnline/Wild Casino Watermark,Approved,304982,$152.49,https://www.instagram.com/reel/DQuIP0BEe3l/?igsh=MWE4ZWFzeTlrejgwZg==
"Nov 6, 2025, 09:52 AM",Tolga Bal,Instagram,BetOnline/Wild Casino Watermark,Approved,138836,$69.42,https://www.instagram.com/reel/DQuH35_iKHj/?igsh=MjJiejR5NWR0Y2Jh
"Nov 6, 2025, 09:48 AM",Brad,Instagram,BetOnline/Wild Casino Watermark,Approved,207139,$103.57,https://www.instagram.com/reel/DQuHZ62jQVF/?igsh=MXNwNXJjaDc0ZmkydQ==
"Nov 6, 2025, 09:46 AM",Brad,Instagram,BetOnline/Wild Casino Watermark,Approved,313007,$156.50,https://www.instagram.com/reel/DQuHOLBAClX/
"Nov 6, 2025, 09:46 AM",Brad,Instagram,BetOnline/Wild Casino Watermark,Approved,195425,$97.71,https://www.instagram.com/p/DQuHCPqDqLF/
"Nov 6, 2025, 09:46 AM",Truman Leong,Instagram,BetOnline/Wild Casino Watermark,Approved,26120,$13.06,https://www.instagram.com/reel/DQt9vH9gAJr/?igsh=MTkybTY3NnBsemgyaA==
"Nov 6, 2025, 09:45 AM",Truman Leong,Instagram,BetOnline/Wild Casino Watermark,Approved,20575,$10.29,https://www.instagram.com/reel/DQt5kL6lAjz/?igsh=aHo5NzRrNGdncmFu
"Nov 6, 2025, 09:41 AM",Brad,Instagram,BetOnline/Wild Casino Watermark,Approved,104243,$52.12,https://www.instagram.com/reel/DQuGlvMkQt7/?igsh=MXg3aXJjZnk4OTZocA==
"Nov 6, 2025, 09:38 AM",Brad,Instagram,BetOnline/Wild Casino Watermark,Approved,172988,$86.49,https://www.instagram.com/reel/DQuGGr4ESMB/
"Nov 6, 2025, 09:37 AM",Frankie,Instagram,BetOnline/Wild Casino Watermark,Approved,789745,$300.00,https://www.instagram.com/reel/DQuGMc1DYtv/?igsh=aW9icHAzdmgxeHRk
"Nov 6, 2025, 09:31 AM",Brad,Instagram,BetOnline/Wild Casino Watermark,Approved,221657,$110.83,https://www.instagram.com/reel/DQuFW9lDozt/
"Nov 6, 2025, 09:26 AM",Meme Daddy,Instagram,BetOnline/Wild Casino Watermark,Approved,18335,$9.17,https://www.instagram.com/reel/DQuEjGQie4I/?igsh=cXZ4ZThpbXB5czZx
"Nov 6, 2025, 08:04 AM",Fulltimetweets ,Instagram,BetOnline/Wild Casino Watermark,Approved,6367,$3.18,https://www.instagram.com/reel/DQo6QTXCLXC/?igsh=MWg4OHJibGkzYW0zMw==
"Nov 6, 2025, 07:40 AM",KGC Team,Instagram,BetOnline/Wild Casino Watermark,Approved,595508,$297.75,https://www.instagram.com/reel/DQt4s98DgS0/?igsh=ZGJmeWpjM3k5NjJr
"Nov 6, 2025, 07:40 AM",instagrammer,Instagram,BetOnline/Wild Casino Watermark,Approved,12858,$6.43,https://www.instagram.com/reel/DQt402gACDh/?igsh=eWRta3Y4M24wb3I=
"Nov 6, 2025, 07:37 AM",instagrammer,Instagram,BetOnline/Wild Casino Watermark,Approved,7044,$3.52,https://www.instagram.com/reel/DQt4mK2Dnka/?igsh=bmJoZzkzb2V3MmZ0
"Nov 6, 2025, 07:34 AM",instagrammer,Instagram,BetOnline/Wild Casino Watermark,Approved,7674,$3.84,https://www.instagram.com/reel/DQt4LctDSjr/?igsh=MWkwa3o5d3Z4eTN2ZA==
"Nov 6, 2025, 07:08 AM",THE GRIZZY,Instagram,BetOnline/Wild Casino Watermark,Approved,8650,$4.33,https://www.instagram.com/reel/DQt07H_Ebgs/?igsh=MTl5M2VrZTUxNXB0cA==
"Nov 6, 2025, 07:01 AM",Rich 💲,Instagram,BetOnline/Wild Casino Watermark,Approved,53260,$26.63,https://www.instagram.com/reel/DQt0bprATfE/?igsh=Ym9oeGQyZHM0eHRq
"Nov 6, 2025, 07:01 AM",Rich 💲,Instagram,BetOnline/Wild Casino Watermark,Approved,34374,$17.19,https://www.instagram.com/reel/DQt0YFZkgJV/?igsh=M282Zm9lM3JyaDVh
"Nov 6, 2025, 07:00 AM",Rich 💲,Instagram,BetOnline/Wild Casino Watermark,Approved,48292,$24.15,https://www.instagram.com/reel/DQt0XWQk4tD/?igsh=MTVobmp5NG92NnhlZA==
"Nov 6, 2025, 06:41 AM",Brad,Instagram,BetOnline/Wild Casino Watermark,Approved,607673,$300.00,https://www.instagram.com/reel/DQtx1DIDl3W/
"Nov 6, 2025, 06:41 AM",KGC Team,Instagram,BetOnline/Wild Casino Watermark,Approved,258519,$129.26,https://www.instagram.com/reel/DQtx-kujszQ/?igsh=MXJwOWZzdnRhZjJuag==
"Nov 6, 2025, 06:36 AM",Brad,Instagram,BetOnline/Wild Casino Watermark,Approved,530354,$265.18,https://www.instagram.com/reel/DQtxUs2kSyJ/?igsh=MWJ2N2JtbXNmNjZlNg==
"Nov 6, 2025, 06:26 AM",Brad,Instagram,BetOnline/Wild Casino Watermark,Approved,370419,$185.21,https://www.instagram.com/p/DQtwB3DjkQx/
"Nov 6, 2025, 06:21 AM",Brad,Instagram,BetOnline/Wild Casino Watermark,Approved,708780,$300.00,https://www.instagram.com/reel/DQtvnYIEX-F/?igsh=MWdlbXI0OHBwazlkNg==
"Nov 6, 2025, 06:18 AM",Brad,Instagram,BetOnline/Wild Casino Watermark,Approved,551271,$275.64,https://www.instagram.com/reel/DQtvQ3lEbdl/
"Nov 6, 2025, 06:12 AM",Brad,Instagram,BetOnline/Wild Casino Watermark,Approved,310469,$155.23,https://www.instagram.com/reel/DQtuv5SjvUH/
"Nov 6, 2025, 05:58 AM",Frankie,Instagram,BetOnline/Wild Casino Watermark,Approved,516547,$258.27,https://www.instagram.com/reel/DQttHVmDU0p/?igsh=MWcycjFmMGVzeTBmeg==
"Nov 6, 2025, 05:18 AM",Rich 💲,Instagram,BetOnline/Wild Casino Watermark,Approved,691947,$300.00,https://www.instagram.com/reel/DQtofIxETqJ/?igsh=MWdqZWRzODVsbXIx
"Nov 6, 2025, 04:57 AM",KGC Team,Instagram,BetOnline/Wild Casino Watermark,Approved,249499,$124.75,https://www.instagram.com/reel/DQtmF05jkoc/?igsh=MWludTc3djFrM2R4bQ==
"Nov 6, 2025, 04:43 AM",Rich 💲,Instagram,BetOnline/Wild Casino Watermark,Approved,135805,$67.90,https://www.instagram.com/reel/DQtkVIWEWoT/?igsh=MWQxaXlsMnhtZ2E3bQ==
"Nov 6, 2025, 04:12 AM",Tolga Bal,Instagram,BetOnline/Wild Casino Watermark,Approved,136340,$68.17,https://www.instagram.com/reel/DQthBSjCAZo/?igsh=MWR3b3l0ajB0dW05aA==
"Nov 6, 2025, 04:01 AM",Rich 💲,Instagram,BetOnline/Wild Casino Watermark,Approved,5915,$2.96,https://www.instagram.com/reel/DQtfzj3AXhI/?igsh=ZzRoNHVpc3R0bjZ2
"Nov 6, 2025, 04:01 AM",Rich 💲,Instagram,BetOnline/Wild Casino Watermark,Approved,41044,$20.52,https://www.instagram.com/reel/DQtfxp8k8CU/?igsh=eTRnajF5MXk0MXdr
"Nov 6, 2025, 04:00 AM",Rich 💲,Instagram,BetOnline/Wild Casino Watermark,Approved,30982,$15.49,https://www.instagram.com/reel/DQtf1DBElQl/?igsh=eHVuMWVzbTFkYTdr
"Nov 6, 2025, 03:53 AM",instagrammer,Instagram,BetOnline/Wild Casino Watermark,Approved,30039,$15.02,https://www.instagram.com/reel/DQtexahjhdx/?igsh=MXF5MGl3aDM3eWM1NQ==
"Nov 6, 2025, 03:46 AM",KGC Team,Instagram,BetOnline/Wild Casino Watermark,Approved,399302,$199.65,https://www.instagram.com/reel/DQtd_lEDnTO/?igsh=aDNuemNhb2U3M29r
"Nov 6, 2025, 03:42 AM",Tolga Bal,Instagram,BetOnline/Wild Casino Watermark,Approved,124366,$62.18,https://www.instagram.com/reel/DQtdhy5CA_W/?igsh=MWplZjB6dHdlaHVr
"Nov 6, 2025, 03:18 AM",KGC Team,Instagram,BetOnline/Wild Casino Watermark,Approved,231204,$115.60,https://www.instagram.com/reel/DQta26yDuji/?igsh=MW1qdHV5eWkybmE5OA==
"Nov 6, 2025, 03:15 AM",Tolga Bal,Instagram,BetOnline/Wild Casino Watermark,Approved,180867,$90.43,https://www.instagram.com/reel/DQtabNSCJ6Y/?igsh=bXRsaHd0dnlqb2lj
"Nov 6, 2025, 02:55 AM",instagrammer,Instagram,BetOnline/Wild Casino Watermark,Approved,50479,$25.24,https://www.instagram.com/reel/DQtYNP3ABV6/?igsh=b2tkZ3RzcG1rdzdx
"Nov 6, 2025, 02:49 AM",Brad,Instagram,BetOnline/Wild Casino Watermark,Approved,369651,$184.83,https://www.instagram.com/reel/DQtW8wujr6m/
"Nov 6, 2025, 02:47 AM",instagrammer,Instagram,BetOnline/Wild Casino Watermark,Approved,14650,$7.33,https://www.instagram.com/reel/DQtXL7sjt6z/?igsh=eXVoNnFqMHBtZTVn
"Nov 6, 2025, 02:47 AM",Jason,Instagram,BetOnline/Wild Casino Watermark,Approved,995168,$300.00,https://www.instagram.com/reel/DQtW4I6DkpW/?igsh=cWFpM3pra2hucTV1
"Nov 6, 2025, 02:43 AM",instagrammer,Instagram,BetOnline/Wild Casino Watermark,Approved,4248,$0.00,https://www.instagram.com/reel/DQtW7YrjvQ0/?igsh=MWRldHE5MXIyamZw
"Nov 6, 2025, 02:42 AM",instagrammer,Instagram,BetOnline/Wild Casino Watermark,Approved,10836,$5.42,https://www.instagram.com/reel/DQtWys5Dtcs/?igsh=MTg1dGxnbTkyeDZoeQ==
"Nov 6, 2025, 02:40 AM",instagrammer,Instagram,BetOnline/Wild Casino Watermark,Approved,16805,$8.40,https://www.instagram.com/reel/DQtWhaSjvJR/?igsh=NmpoaWo0cGpqZnp1
"Nov 6, 2025, 02:40 AM",Brad,Instagram,BetOnline/Wild Casino Watermark,Approved,314402,$157.20,https://www.instagram.com/p/DQtWGc2Dr6U/
"Nov 6, 2025, 02:38 AM",Brad,Instagram,BetOnline/Wild Casino Watermark,Approved,140382,$70.19,https://www.instagram.com/reel/DQtORKJCUbI/?igsh=MTF3d2FheGg5anNyeQ==
"Nov 6, 2025, 02:33 AM",Brad,Instagram,BetOnline/Wild Casino Watermark,Approved,379851,$189.93,https://www.instagram.com/reel/DQtViuqDtlc/
"Nov 6, 2025, 02:28 AM",Tolga Bal,Instagram,BetOnline/Wild Casino Watermark,Approved,69385,$34.69,https://www.instagram.com/reel/DQtU446CEiS/?igsh=MWg4Y3E2ZXl3bmFxeA==
"Nov 6, 2025, 02:26 AM",KGC Team,Instagram,BetOnline/Wild Casino Watermark,Approved,498928,$249.46,https://www.instagram.com/reel/DQtUwdSDu5x/?igsh=MTVwMDV0aHN5cGllYg==
"Nov 6, 2025, 02:24 AM",Brad,Instagram,BetOnline/Wild Casino Watermark,Approved,369049,$184.52,https://www.instagram.com/reel/DQtUZCJjo4J/
"Nov 6, 2025, 02:05 AM",Tolga Bal,Instagram,BetOnline/Wild Casino Watermark,Approved,76584,$38.29,https://www.instagram.com/reel/DQtSSGLCErY/?igsh=czV4MTlia3QyM2Jr
"Nov 6, 2025, 02:01 AM",Rich 💲,Instagram,BetOnline/Wild Casino Watermark,Approved,51807,$25.90,https://www.instagram.com/reel/DQtSElckmUd/?igsh=OXY2MGt1NDc1ejdh
"Nov 6, 2025, 02:01 AM",Rich 💲,Instagram,BetOnline/Wild Casino Watermark,Approved,4096,$0.00,https://www.instagram.com/reel/DQtSB-ngTBT/?igsh=MTE5bTh2amlweGt6bA==
"Nov 6, 2025, 02:00 AM",Rich 💲,Instagram,BetOnline/Wild Casino Watermark,Approved,149187,$74.59,https://www.instagram.com/reel/DQtSAgrE7mx/?igsh=MXhndTJwOWxydjdpNA==
"Nov 6, 2025, 02:00 AM",Rich 💲,Instagram,BetOnline/Wild Casino Watermark,Approved,44144,$22.07,https://www.instagram.com/reel/DQtSEYkkweE/?igsh=bm10cXptNWpvcW5k
"Nov 6, 2025, 01:35 AM",Frankie,Instagram,BetOnline/Wild Casino Watermark,Approved,229271,$114.64,https://www.instagram.com/reel/DQtPBvZDSpQ/?igsh=MXhxdWRqYThweHl0Zg==
"Nov 6, 2025, 01:29 AM",.,Instagram,BetOnline/Wild Casino Watermark,Approved,140382,$70.19,https://www.instagram.com/reel/DQtORKJCUbI/?igsh=MXc2dGo0cGM3Y252OA==
"Nov 6, 2025, 01:23 AM",elo,Instagram,BetOnline/Wild Casino Watermark,Approved,39127,$19.56,https://www.instagram.com/reel/DQsaikMDt4d/?igsh=cTh1eXo3cXZnMmFo
"Nov 6, 2025, 01:10 AM",KGC Team,Instagram,BetOnline/Wild Casino Watermark,Approved,930361,$300.00,https://www.instagram.com/reel/DQtMNa9Dm0J/?igsh=dWJ0aHExYmppZjFs
"Nov 6, 2025, 12:58 AM",instagrammer,Instagram,BetOnline/Wild Casino Watermark,Approved,35227,$17.61,https://www.instagram.com/reel/DQtK1npAKhK/?igsh=NTc4MTIwNjQ2YQ==
"Nov 6, 2025, 12:56 AM",instagrammer,Instagram,BetOnline/Wild Casino Watermark,Approved,11488,$5.74,https://www.instagram.com/reel/DQtKoYejgB8/?igsh=MTM3Y3RkZjlldTg3MQ==
"Nov 6, 2025, 12:50 AM",instagrammer,Instagram,BetOnline/Wild Casino Watermark,Approved,21150,$10.58,https://www.instagram.com/reel/DQtJ8jIDr1e/?igsh=MXB5MWg1Nzk5cWUzNA==
"Nov 6, 2025, 12:46 AM",Jason,Instagram,BetOnline/Wild Casino Watermark,Approved,612064,$300.00,https://www.instagram.com/reel/DQtJKsijrL8/?igsh=cmtnNGk3MW4ya3lm
"Nov 6, 2025, 12:45 AM",Jason,Instagram,BetOnline/Wild Casino Watermark,Approved,1216112,$300.00,https://www.instagram.com/reel/DQtEBHGjfdp/?igsh=MXZudnZha3hmZndrZw==
"Nov 6, 2025, 12:31 AM",KGC Team,Instagram,BetOnline/Wild Casino Watermark,Approved,669786,$300.00,https://www.instagram.com/reel/DQtHi0rDtRL/?igsh=MTB5OTk2OWxmNGM1aQ==
"Nov 6, 2025, 12:27 AM",Brad,Instagram,BetOnline/Wild Casino Watermark,Approved,250598,$125.30,https://www.instagram.com/reel/DQtG5dEgGwQ/
"Nov 6, 2025, 12:19 AM",Brad,Instagram,BetOnline/Wild Casino Watermark,Approved,152631,$76.32,https://www.instagram.com/p/DQtF_iEDl6Z/
"Nov 6, 2025, 12:10 AM",Brad,Instagram,BetOnline/Wild Casino Watermark,Approved,114398,$57.20,https://www.instagram.com/reel/DQtEm1RjbMS/
"Nov 5, 2025, 11:51 PM",Brad,Instagram,BetOnline/Wild Casino Watermark,Approved,260904,$130.45,https://www.instagram.com/reel/DQtCzjzjmWF/?igsh=MXM2djA0cmdhcHA5Nw==
"Nov 5, 2025, 11:33 PM",Rich 💲,Instagram,BetOnline/Wild Casino Watermark,Approved,20138,$10.07,https://www.instagram.com/reel/DQtA2IeEl2F/?igsh=MXd3dHdiMW4zZ2t4cw==
"Nov 5, 2025, 11:27 PM",Rich 💲,Instagram,BetOnline/Wild Casino Watermark,Approved,166247,$83.12,https://www.instagram.com/reel/DQs_6B6E-Bp/?igsh=MTQxbWl5aGt0ZnV5Zw==
"Nov 5, 2025, 11:18 PM",senku,Instagram,BetOnline/Wild Casino Watermark,Approved,61284,$30.64,https://www.instagram.com/reel/DQs_OOXEuNg/?igsh=MWo5bndrMXd5cmI2Nw==
"Nov 5, 2025, 11:10 PM",Steve,Instagram,BetOnline/Wild Casino Watermark,Approved,512357,$256.18,https://www.instagram.com/reel/DQscgHPCDig/?igsh=MWgxb2s3bDR4M3dyOQ==
"Nov 5, 2025, 11:06 PM",instagrammer,Instagram,BetOnline/Wild Casino Watermark,Approved,17639,$8.82,https://www.instagram.com/reel/DQs-DgADry1/?igsh=eng2cHl4YmIxYTE5
"Nov 5, 2025, 11:03 PM",Rich 💲,Instagram,BetOnline/Wild Casino Watermark,Approved,60228,$30.11,https://www.instagram.com/reel/DQs9pBSkxxC/?igsh=MTlxc2xpbGU4cDdteQ==
"Nov 5, 2025, 11:03 PM",Rich 💲,Instagram,BetOnline/Wild Casino Watermark,Approved,7978,$3.99,https://www.instagram.com/reel/DQs9UDGAYLO/?igsh=ZXowY3ZlMGdhbm00
"Nov 5, 2025, 10:56 PM",Rich 💲,Instagram,BetOnline/Wild Casino Watermark,Approved,39817,$19.91,https://www.instagram.com/reel/DQs8H3KkoKk/?igsh=bTAzenNocmI0MDRu
"Nov 5, 2025, 10:53 PM",.,Instagram,BetOnline/Wild Casino Watermark,Approved,326477,$163.24,https://www.instagram.com/reel/DQs8ZvGidrG/?igsh=bnpzN2wyOXhvMXZs
"Nov 5, 2025, 10:46 PM",Rich 💲,Instagram,BetOnline/Wild Casino Watermark,Approved,6677,$3.34,https://www.instagram.com/reel/DQs7fwBE8-n/?igsh=Mjh0Mndra3B2dTFq
"Nov 5, 2025, 10:45 PM",Kamlesh undaria ,Instagram,BetOnline/Wild Casino Watermark,Approved,5115,$2.56,https://www.instagram.com/reel/DQsBM6HCKIz/?igsh=cW00N2U0aXZscGw1
"Nov 5, 2025, 10:24 PM",Jason,Instagram,BetOnline/Wild Casino Watermark,Approved,635834,$300.00,https://www.instagram.com/reel/DQs4XZpjfwS/?igsh=MXdqMml6bHFkcmQ3dA==
"Nov 5, 2025, 10:20 PM",Rich 💲,Instagram,BetOnline/Wild Casino Watermark,Approved,104270,$52.14,https://www.instagram.com/reel/DQs4RQaktOH/?igsh=N3N2emxqa3ZzNDFr
"Nov 5, 2025, 10:14 PM",Rich 💲,Instagram,BetOnline/Wild Casino Watermark,Approved,68995,$34.50,https://www.instagram.com/reel/DQs3-TMDao4/?igsh=NGN4b2pmeHM5a280
"Nov 5, 2025, 09:47 PM",Rich 💲,Instagram,BetOnline/Wild Casino Watermark,Approved,5045,$2.52,https://www.instagram.com/reel/DQs00eUgfia/?igsh=ZmZ6dXAwM2QyeWl1
"Nov 5, 2025, 09:42 PM",Rich 💲,Instagram,BetOnline/Wild Casino Watermark,Approved,188584,$94.29,https://www.instagram.com/reel/DQs0NT8kvjc/?igsh=MTl6N3hteXlpb3d0bw==
"Nov 5, 2025, 09:39 PM",Rich 💲,Instagram,BetOnline/Wild Casino Watermark,Approved,61604,$30.80,https://www.instagram.com/reel/DQsz2USE12n/?igsh=MWMzYWx1MzR6d2FzZw==
"Nov 5, 2025, 09:36 PM",Rich 💲,Instagram,BetOnline/Wild Casino Watermark,Approved,39767,$19.88,https://www.instagram.com/reel/DQszb5Xk0c_/?igsh=MThkYnl2ZmsxODlhbA==
"Nov 5, 2025, 09:29 PM",Rich 💲,Instagram,BetOnline/Wild Casino Watermark,Approved,211608,$105.80,https://www.instagram.com/reel/DQsyrwhCSUY/?igsh=MWgzaWZsNmVveDlscQ==
"Nov 5, 2025, 09:22 PM",Rich 💲,Instagram,BetOnline/Wild Casino Watermark,Approved,11772,$5.89,https://www.instagram.com/reel/DQsyBLcEkKx/?igsh=Z2VzYXVlamd3Nzll
"Nov 5, 2025, 09:09 PM",Rich 💲,Instagram,BetOnline/Wild Casino Watermark,Approved,118281,$59.14,https://www.instagram.com/reel/DQswa-0ktfV/?igsh=YXd6eXBwZGNnbXZh
"Nov 5, 2025, 08:59 PM",Rich 💲,Instagram,BetOnline/Wild Casino Watermark,Approved,6627,$3.31,https://www.instagram.com/reel/DQsvGG_k6y6/?igsh=MW9oY3ZnZWhlZ2hjeA==
"Nov 5, 2025, 08:57 PM",Rich 💲,Instagram,BetOnline/Wild Casino Watermark,Approved,96877,$48.44,https://www.instagram.com/reel/DQsvE-qAdNX/?igsh=dnd3OWRsemMwOHBn
"Nov 5, 2025, 08:45 PM",Rich 💲,Instagram,BetOnline/Wild Casino Watermark,Approved,153879,$76.94,https://www.instagram.com/reel/DQst1BGgQRk/?igsh=ZGYzMnQ2cTE4eXdr
"Nov 5, 2025, 08:39 PM",Rich 💲,Instagram,BetOnline/Wild Casino Watermark,Approved,210791,$105.40,https://www.instagram.com/reel/DQstCv3EwqQ/?igsh=NTJ1ZzZxYjFucXZs
"Nov 5, 2025, 08:29 PM",Rich 💲,Instagram,BetOnline/Wild Casino Watermark,Approved,145421,$72.71,https://www.instagram.com/reel/DQsr0WrkmsH/?igsh=MTZ6bHEzeWF3MzVjcQ==
"Nov 5, 2025, 08:27 PM",Rich 💲,Instagram,BetOnline/Wild Casino Watermark,Approved,278932,$139.47,https://www.instagram.com/reel/DQsrtUYEc3R/?igsh=MTNyaTlneTUwODA4aQ==
"Nov 5, 2025, 08:15 PM",Rich 💲,Instagram,BetOnline/Wild Casino Watermark,Approved,39694,$19.85,https://www.instagram.com/reel/DQsqWYKk_5k/?igsh=MXJ0eXZ1b28wMjZneA==
"Nov 5, 2025, 08:10 PM",Rich 💲,Instagram,BetOnline/Wild Casino Watermark,Approved,40672,$20.34,https://www.instagram.com/reel/DQspciDEjf_/?igsh=cXB5b2kzeWw0ZWl4
"Nov 5, 2025, 08:08 PM",Rich 💲,Instagram,BetOnline/Wild Casino Watermark,Approved,20883,$10.44,https://www.instagram.com/reel/DQspMegE_zS/?igsh=bXVwbm10ajJxeDlq
"Nov 5, 2025, 08:01 PM",Rich 💲,Instagram,BetOnline/Wild Casino Watermark,Approved,15560,$7.78,https://www.instagram.com/reel/DQsovS_EqZu/?igsh=MTY0c3hoaTdyaWh6OA==
"Nov 5, 2025, 07:54 PM",Rich 💲,Instagram,BetOnline/Wild Casino Watermark,Approved,115161,$57.58,https://www.instagram.com/reel/DQsn4wOk1EJ/?igsh=Z2F0a2J6bGd5ajRz
"Nov 5, 2025, 07:49 PM",Rich 💲,Instagram,BetOnline/Wild Casino Watermark,Approved,103347,$51.67,https://www.instagram.com/reel/DQsnVzoETD-/?igsh=czVsbHl2NDhsdHhm
"Nov 5, 2025, 07:46 PM",Rich 💲,Instagram,BetOnline/Wild Casino Watermark,Approved,79464,$39.73,https://www.instagram.com/reel/DQsnBbiknaE/?igsh=bG05MnBpdGxib2E3
"Nov 5, 2025, 07:36 PM",Rich 💲,Instagram,BetOnline/Wild Casino Watermark,Approved,21521,$10.76,https://www.instagram.com/reel/DQsl79wEw2G/?igsh=MTQ3ODhyOG11cmR6aQ==
"Nov 5, 2025, 07:32 PM",Rich 💲,Instagram,BetOnline/Wild Casino Watermark,Approved,126342,$63.17,https://www.instagram.com/reel/DQslTzqEsB4/?igsh=MWtzN3hkd2I5eTZzbQ==
"Nov 5, 2025, 07:31 PM",Rich 💲,Instagram,BetOnline/Wild Casino Watermark,Approved,21329,$10.66,https://www.instagram.com/reel/DQslUnOD_wg/?igsh=dGYyanNncGVnODNh
"Nov 5, 2025, 07:25 PM",Rich 💲,Instagram,BetOnline/Wild Casino Watermark,Approved,39360,$19.68,https://www.instagram.com/reel/DQskmG4kqxr/?igsh=M2FhZW52amd5dDJv
"Nov 5, 2025, 07:25 PM",Rich 💲,Instagram,BetOnline/Wild Casino Watermark,Approved,17856,$8.93,https://www.instagram.com/reel/DQsknJUktKv/?igsh=MXM0bTZlYjZmaHlnZA==
"Nov 5, 2025, 07:20 PM",Rich 💲,Instagram,BetOnline/Wild Casino Watermark,Approved,164303,$82.15,https://www.instagram.com/reel/DQsj_h0kkZ-/?igsh=MTF3MGt6eHJ4MjFyaA==
"Nov 5, 2025, 07:20 PM",Rich 💲,Instagram,BetOnline/Wild Casino Watermark,Approved,2211,$0.00,https://www.instagram.com/reel/DQskE8RE10l/?igsh=MTlwbjlndzBzODk3Mg==
"Nov 5, 2025, 07:12 PM",Rich 💲,Instagram,BetOnline/Wild Casino Watermark,Approved,28802,$14.40,https://www.instagram.com/reel/DQsi8fwAdRI/?igsh=NGlqNzExYmF4eXhx
"Nov 5, 2025, 07:05 PM",Meme Daddy,Instagram,BetOnline/Wild Casino Watermark,Approved,41204,$20.60,https://www.instagram.com/reel/DQsiMHkiOQM/?igsh=MXY2dGVyeTczc3A5MA==
"Nov 5, 2025, 06:59 PM",Rich 💲,Instagram,BetOnline/Wild Casino Watermark,Approved,393410,$196.71,https://www.instagram.com/reel/DQshDBbEdyK/?igsh=MTkzOG11ZG96NHAycw==
"Nov 5, 2025, 06:59 PM",Rich 💲,Instagram,BetOnline/Wild Casino Watermark,Approved,52294,$26.15,https://www.instagram.com/reel/DQshjrNk0Ua/?igsh=ZndsNXF6dXJycjZl
"Nov 5, 2025, 06:56 PM",Rich 💲,Instagram,BetOnline/Wild Casino Watermark,Approved,87803,$43.90,https://www.instagram.com/reel/DQshOVME773/?igsh=MTIxOHRnZDk3bHd2cw==
"Nov 5, 2025, 06:47 PM",Rich 💲,Instagram,BetOnline/Wild Casino Watermark,Approved,86591,$43.30,https://www.instagram.com/reel/DQsgRlaknZB/?igsh=MW1yMzN5MmVmZnRxZA==
"Nov 5, 2025, 06:38 PM",Rich 💲,Instagram,BetOnline/Wild Casino Watermark,Approved,43725,$21.86,https://www.instagram.com/reel/DQsfNtFEnfM/?igsh=MjVxc3lxdjgyY2pv
"Nov 5, 2025, 06:33 PM",Rich 💲,Instagram,BetOnline/Wild Casino Watermark,Approved,82255,$41.13,https://www.instagram.com/reel/DQseY5UEn1q/?igsh=MWhvYjZ5Mm9zMm4wZQ==
"Nov 5, 2025, 06:31 PM",Rich 💲,Instagram,BetOnline/Wild Casino Watermark,Approved,56456,$28.23,https://www.instagram.com/reel/DQsecUREiwW/?igsh=MXBsYmdsMTBvODdqbg==
"Nov 5, 2025, 06:31 PM",Meme Daddy,Instagram,BetOnline/Wild Casino Watermark,Approved,116057,$58.03,https://www.instagram.com/reel/DQseVOrk6Vw/?igsh=MW5hMnZsMmxmbGdqYg==
"Nov 5, 2025, 06:23 PM",Rich 💲,Instagram,BetOnline/Wild Casino Watermark,Approved,26366,$13.18,https://www.instagram.com/reel/DQsdiVpE4BY/?igsh=MXhlMTM1Y3NqYWh6eQ==
"Nov 5, 2025, 06:17 PM",Rich 💲,Instagram,BetOnline/Wild Casino Watermark,Approved,101055,$50.53,https://www.instagram.com/reel/DQscr7DEiLw/?igsh=MWo3a2hwYmIzcHl1bA==
"Nov 5, 2025, 06:14 PM",Rich 💲,Instagram,BetOnline/Wild Casino Watermark,Approved,36264,$18.13,https://www.instagram.com/reel/DQsca5ME1VC/?igsh=NG0xdXpmM2p5cGZi
"Nov 5, 2025, 06:06 PM",Nathan,Tiktok,BetOnline/Wild Casino Watermark,Approved,224794,$112.40,https://vt.tiktok.com/ZSyPogdqw/
"Nov 5, 2025, 06:03 PM",instagrammer,Instagram,BetOnline/Wild Casino Watermark,Approved,32010,$16.01,https://www.instagram.com/reel/DQsbP1BDLe4/?igsh=NjhwaHAyM3JlN2s5
"Nov 5, 2025, 05:54 PM",Rich 💲,Instagram,BetOnline/Wild Casino Watermark,Approved,106459,$53.23,https://www.instagram.com/reel/DQsaJD-k2tk/?igsh=MTF2eWRhZnhraWkwOA==
"Nov 5, 2025, 05:51 PM",Rich 💲,Instagram,BetOnline/Wild Casino Watermark,Approved,92254,$46.13,https://www.instagram.com/reel/DQsZwiwEoky/?igsh=a3Vmb293bTQ3eGc1
"Nov 5, 2025, 05:43 PM",Meme Daddy,Instagram,BetOnline/Wild Casino Watermark,Approved,137941,$68.97,https://www.instagram.com/reel/DQsYo-XkyvX/?igsh=MTdrZXc2cW14a2cxaw==
"Nov 5, 2025, 05:42 PM",Rich 💲,Instagram,BetOnline/Wild Casino Watermark,Approved,79397,$39.70,https://www.instagram.com/reel/DQsYzH3k8WE/?igsh=MThvMXRtbWhkOW9ucA==
"Nov 5, 2025, 05:28 PM",Nathan,Instagram,BetOnline/Wild Casino Watermark,Approved,161724,$80.86,https://www.instagram.com/reel/DQsXXM6CCCQ/?igsh=dG1nbzhjYndtemp4
"Nov 5, 2025, 05:23 PM",Rich 💲,Instagram,BetOnline/Wild Casino Watermark,Approved,163666,$81.83,https://www.instagram.com/reel/DQsWg6QkTDj/?igsh=MTYwYXh2dXZ0czRrYQ==
"Nov 5, 2025, 05:12 PM",Nathan,Tiktok,BetOnline/Wild Casino Watermark,Approved,41306,$20.65,https://vt.tiktok.com/ZSyPTmpoU/
"Nov 5, 2025, 05:08 PM",Nathan,Instagram,BetOnline/Wild Casino Watermark,Approved,98386,$49.19,https://www.instagram.com/reel/DQsVD85iIW3/?igsh=MTB0eWcydzF2YzZoMA==
"Nov 5, 2025, 05:03 PM",Rich 💲,Instagram,BetOnline/Wild Casino Watermark,Approved,277116,$138.56,https://www.instagram.com/reel/DQsUTT1k15n/?igsh=MWQ0aW56Yms0ZHlwbQ==
"Nov 5, 2025, 04:55 PM",Rich 💲,Instagram,BetOnline/Wild Casino Watermark,Approved,130902,$65.45,https://www.instagram.com/reel/DQsTPbXkpTn/?igsh=MXc0b3RqOWl5ZGIx
"Nov 5, 2025, 04:47 PM",Rich 💲,Instagram,BetOnline/Wild Casino Watermark,Approved,122488,$61.24,https://www.instagram.com/reel/DQsSZPaElX_/?igsh=MWR3b2g2cWlicTloOQ==
"Nov 5, 2025, 04:37 PM",Rich 💲,Instagram,BetOnline/Wild Casino Watermark,Approved,151010,$75.51,https://www.instagram.com/reel/DQsRV2eEqhe/?igsh=eWZrcnAxZGV0MzYy
"Nov 5, 2025, 04:36 PM",Rich 💲,Instagram,BetOnline/Wild Casino Watermark,Approved,115267,$57.63,https://www.instagram.com/reel/DQsRCMTk0i_/?igsh=dXYweHRpNXRyaHk4
"Nov 5, 2025, 04:33 PM",Tolga Bal,Instagram,BetOnline/Wild Casino Watermark,Approved,151404,$75.70,https://www.instagram.com/reel/DQsRAfJCPQr/?igsh=bXVzOXhscTYyMzJ4
"Nov 5, 2025, 03:48 PM",Frankie,Instagram,BetOnline/Wild Casino Watermark,Approved,520511,$260.26,https://www.instagram.com/reel/DQsLsZxDRUH/?igsh=MWJnZnI0ZXViMWlrag==
"Nov 5, 2025, 03:27 PM",Mrigank Dwivedi,Instagram,BetOnline/Wild Casino Watermark,Approved,214215,$107.11,https://www.instagram.com/reel/DQsJdGukw8t/?igsh=ZTgyaGJia2lwbDQ5
"Nov 5, 2025, 03:27 PM",Mrigank Dwivedi,Instagram,BetOnline/Wild Casino Watermark,Approved,50739,$25.37,https://www.instagram.com/reel/DQsJbNMk4WI/?igsh=eTdteGpsMWE4M2pu
"Nov 5, 2025, 03:08 PM",Rich 💲,Instagram,BetOnline/Wild Casino Watermark,Approved,586827,$293.41,https://www.instagram.com/reel/DQsHPUXEfGo/?igsh=MmI2bmp2bHVobTJ0
"Nov 5, 2025, 02:55 PM",elo,Instagram,BetOnline/Wild Casino Watermark,Approved,134126,$67.06,https://www.instagram.com/reel/DQrbdoSDuYV/?igsh=MXgyejhicnEzNXdodg==
"Nov 5, 2025, 02:52 PM",KGC Team,Instagram,BetOnline/Wild Casino Watermark,Approved,303244,$151.62,https://www.instagram.com/reel/DQsFVdXEXmx/?igsh=ZG9qdzRkazR0OXd1
"Nov 5, 2025, 02:10 PM",Jason,Instagram,BetOnline/Wild Casino Watermark,Approved,662715,$300.00,https://www.instagram.com/reel/DQr8gemiera/?igsh=aXhiZmQ0dTN3bzFu
"Nov 5, 2025, 01:50 PM",Frankie,Instagram,BetOnline/Wild Casino Watermark,Approved,526883,$263.44,https://www.instagram.com/reel/DQr-I1jDZV2/?igsh=cDQyZHB6cWU5ODdk
"Nov 5, 2025, 01:37 PM",Logan | Gameday Media,Instagram,BetOnline/Wild Casino Watermark,Approved,33477,$16.74,https://www.instagram.com/reel/DQr80Nrkh7F/?igsh=cGcyeHd2dHRhOTVo
"Nov 5, 2025, 01:29 PM",YaboyMike,Instagram,BetOnline/Wild Casino Watermark,Approved,1035646,$300.00,https://www.instagram.com/reel/DQruxo8EQ6i/?igsh=NXptc3gxMzNobnRp
"Nov 5, 2025, 12:58 PM",Logan | Gameday Media,Instagram,BetOnline/Wild Casino Watermark,Approved,17389,$8.69,https://www.instagram.com/reel/DQrxYtrAd4u/?igsh=bXY2cnp6YXNvNXpw
"Nov 5, 2025, 12:58 PM",Logan | Gameday Media,Instagram,BetOnline/Wild Casino Watermark,Approved,61974,$30.99,https://www.instagram.com/reel/DQr4Y8PkuEe/?igsh=cnpnajEyemduYXU1
"Nov 5, 2025, 12:53 PM",KGC Team,Instagram,BetOnline/Wild Casino Watermark,Approved,148850,$74.43,https://www.instagram.com/reel/DQr3yh5kdZk/?igsh=MWYwd254NHRpczFzMA==
"Nov 5, 2025, 12:16 PM",Brad,Instagram,BetOnline/Wild Casino Watermark,Approved,395901,$197.95,https://www.instagram.com/reel/DQrzNc6kU6w/
"Nov 5, 2025, 12:15 PM",Frankie,Instagram,BetOnline/Wild Casino Watermark,Approved,389073,$194.54,https://www.instagram.com/reel/DQrzdxMjSeo/?igsh=bXpjb3Yzb2xrOTUy
"Nov 5, 2025, 12:10 PM",Meme Daddy,Instagram,BetOnline/Wild Casino Watermark,Approved,102371,$51.19,https://www.instagram.com/reel/DQrySm2k6zA/?igsh=MWJoMGk5Njd0OTVzZA==
"Nov 5, 2025, 12:04 PM",Brad,Instagram,BetOnline/Wild Casino Watermark,Approved,228708,$114.35,https://www.instagram.com/reel/DQrxS3_jntD/
"Nov 5, 2025, 12:03 PM",Shubham,Instagram,BetOnline/Wild Casino Watermark,Approved,12223,$6.11,https://www.instagram.com/reel/DQrx5RXDfa2/?igsh=aTg4ZWVkdnNnOTd6
"Nov 5, 2025, 12:01 PM",Viiralvidz,Instagram,BetOnline/Wild Casino Watermark,Approved,65322,$32.66,https://www.instagram.com/reel/DQrvdjdCiJ6/?igsh=dXpiOGUya21jN29z
"Nov 5, 2025, 11:47 AM",Brad,Instagram,BetOnline/Wild Casino Watermark,Approved,169375,$84.69,https://www.instagram.com/reel/DQrva69D_QZ/
"Nov 5, 2025, 11:32 AM",Logan | Gameday Media,Instagram,BetOnline/Wild Casino Watermark,Approved,98087,$49.04,https://www.instagram.com/reel/DQruZZkAT2N/?igsh=cmI0ZmY3cnBpd2tu
"Nov 5, 2025, 11:29 AM",Brad,Instagram,BetOnline/Wild Casino Watermark,Approved,224270,$112.14,https://www.instagram.com/reel/DQrt5hzEcuv/
"Nov 5, 2025, 11:22 AM",Brad,Instagram,BetOnline/Wild Casino Watermark,Approved,172514,$86.26,https://www.instagram.com/reel/DQrtNfFDkE-/
"Nov 5, 2025, 11:17 AM",Formulagod,Instagram,BetOnline/Wild Casino Watermark,Approved,155487,$77.74,https://www.instagram.com/p/DQrsu5wjI8i/
"Nov 5, 2025, 11:12 AM",Steve,Instagram,BetOnline/Wild Casino Watermark,Approved,63084,$31.54,https://www.instagram.com/reel/DQrsDGqCOo0/?igsh=MWpld3FlbmEzZ2EzeQ==
"Nov 5, 2025, 11:06 AM",Tolga Bal,Instagram,BetOnline/Wild Casino Watermark,Approved,49582,$24.79,https://www.instagram.com/reel/DQrpLZzCECe/?igsh=MXFrYXl5MTl3bXZ0NQ==
"Nov 5, 2025, 11:00 AM",Logan | Gameday Media,Instagram,BetOnline/Wild Casino Watermark,Approved,60952,$30.48,https://www.instagram.com/reel/DQrq1q3CaR_/?igsh=MXVnemhsa2N3NXdzZw==
"Nov 5, 2025, 10:57 AM",Brad,Instagram,BetOnline/Wild Casino Watermark,Approved,259590,$129.80,https://www.instagram.com/reel/DQrql5XiRfE/?igsh=ZnI1OGdpYm1nd256
"Nov 5, 2025, 10:49 AM",Logan | Gameday Media,Instagram,BetOnline/Wild Casino Watermark,Approved,7365,$3.68,https://www.instagram.com/reel/DQqOv_KDPVL/?igsh=MTJpeHloOG5xbjE5cg==
"Nov 5, 2025, 10:48 AM",Jason,Instagram,BetOnline/Wild Casino Watermark,Approved,444906,$222.45,https://www.instagram.com/reel/DQroVgqDWU5/?igsh=MTYyYTJ5bGRsczltaQ==
"Nov 5, 2025, 10:46 AM",Steve,Instagram,BetOnline/Wild Casino Watermark,Approved,31735,$15.87,https://www.instagram.com/reel/DQrpLu2iIti/?igsh=OG05djlxYjNsaG9n
"Nov 5, 2025, 10:46 AM",Meme Daddy,Instagram,BetOnline/Wild Casino Watermark,Approved,76701,$38.35,https://www.instagram.com/reel/DQrpF1-gR1r/?igsh=MWhheDdic2IzcXk2eA==
"Nov 5, 2025, 10:45 AM",Steve,Instagram,BetOnline/Wild Casino Watermark,Approved,167473,$83.74,https://www.instagram.com/reel/DQro9wnjN77/?igsh=MWFnNmNpNTRnZDVzZw==
"Nov 5, 2025, 10:35 AM",Shubham,Instagram,BetOnline/Wild Casino Watermark,Approved,7066,$3.53,https://www.instagram.com/reel/DQrn3htjU31/?igsh=MWNlbG00M2FqZTl2OQ==
"Nov 5, 2025, 10:07 AM",Steve,Instagram,BetOnline/Wild Casino Watermark,Approved,82897,$41.45,https://www.instagram.com/reel/DQrkx5wClqq/?igsh=MXhubGRnZHE0NnR1
"Nov 5, 2025, 10:00 AM",Truman Leong,Instagram,BetOnline/Wild Casino Watermark,Approved,50800,$25.40,https://www.instagram.com/reel/DQrjt_qkyJQ/?igsh=bnQ3eDlwcHp6M3Fm
"Nov 5, 2025, 09:56 AM",Steve,Instagram,BetOnline/Wild Casino Watermark,Approved,55758,$27.88,https://www.instagram.com/reel/DQri4A5DSXr/?igsh=MTlncHp0cXZ0ZzJpZA==
"Nov 5, 2025, 09:55 AM",Steve,Instagram,BetOnline/Wild Casino Watermark,Approved,204966,$102.48,https://www.instagram.com/reel/DQrjJj5jFBV/?igsh=MXg5bTNnNmxpaWZ2NQ==
"Nov 5, 2025, 09:55 AM",Steve,Instagram,BetOnline/Wild Casino Watermark,Approved,75372,$37.69,https://www.instagram.com/reel/DQreb2NiG0k/?igsh=MXJsODV2NmF1amhlbw==
"Nov 5, 2025, 09:55 AM",Frankie,Instagram,BetOnline/Wild Casino Watermark,Approved,90481,$45.24,https://www.instagram.com/reel/DQrjaJTjb77/?igsh=MXUwaWFyNXowNnFpeg==
"Nov 5, 2025, 09:55 AM",Steve,Instagram,BetOnline/Wild Casino Watermark,Approved,33460,$16.73,https://www.instagram.com/reel/DQreQqsiM9z/?igsh=M2xqOGxxdXI2Mzl1
"Nov 5, 2025, 09:55 AM",Steve,Instagram,BetOnline/Wild Casino Watermark,Approved,80261,$40.13,https://www.instagram.com/reel/DQreLBEiBv4/?igsh=MXUxamswbDNoMnU4NQ==
"Nov 5, 2025, 09:54 AM",Steve,Instagram,BetOnline/Wild Casino Watermark,Approved,27560,$13.78,https://www.instagram.com/reel/DQrbBxFiDum/?igsh=MXVtNWFmMTUwbTh1Ng==
"Nov 5, 2025, 09:28 AM",Tolga Bal,Instagram,BetOnline/Wild Casino Watermark,Approved,173291,$86.65,https://www.instagram.com/reel/DQrgNtPDbeU/?igsh=MW40MHlwbThzYWZlcg==
"Nov 5, 2025, 09:01 AM",Tolga Bal,Instagram,BetOnline/Wild Casino Watermark,Approved,68078,$34.04,https://www.instagram.com/reel/DQrdPfrDWcK/?igsh=MW85MmdjbDU1MXJnYg==
"Nov 5, 2025, 08:56 AM",Steve,Instagram,BetOnline/Wild Casino Watermark,Approved,93024,$46.51,https://www.instagram.com/reel/DQrcnGpjOcT/?igsh=MTgxdXYwcDB5NjQ2MQ==
"Nov 5, 2025, 08:55 AM",Steve,Instagram,BetOnline/Wild Casino Watermark,Approved,218851,$109.43,https://www.instagram.com/reel/DQrcLw6iIUu/?igsh=b3lsYWE0bjh0enZn
"Nov 5, 2025, 08:53 AM",KGC Team,Instagram,BetOnline/Wild Casino Watermark,Approved,627027,$300.00,https://www.instagram.com/reel/DQrb-CxDrDK/?igsh=MWNuajAzenFzZWloYQ==
"Nov 5, 2025, 08:51 AM",Frankie,Instagram,BetOnline/Wild Casino Watermark,Approved,381754,$190.88,https://www.instagram.com/reel/DQrcD7LDUrV/?igsh=MXQ0OTlmNnc2ancycA==
"Nov 5, 2025, 08:46 AM",Brad,Instagram,BetOnline/Wild Casino Watermark,Approved,212483,$106.24,https://www.instagram.com/reel/DQrbJy_kQ9b/?igsh=c2V2eDh6NHg3aXlw
"Nov 5, 2025, 08:42 AM",Brad,Instagram,BetOnline/Wild Casino Watermark,Approved,280848,$140.42,https://www.instagram.com/reel/DQratTojh5Q/?igsh=MXRicWJ1dTlla2h6cQ==
"Nov 5, 2025, 08:39 AM",Steve,Instagram,BetOnline/Wild Casino Watermark,Approved,890287,$300.00,https://www.instagram.com/reel/DQrapSQjf_H/?igsh=YzlvZ2gyYjluZDdw
"Nov 5, 2025, 08:36 AM",Brad,Instagram,BetOnline/Wild Casino Watermark,Approved,101283,$50.64,https://www.instagram.com/reel/DQraGSIDjAd/
"Nov 5, 2025, 08:32 AM",Steve,Instagram,BetOnline/Wild Casino Watermark,Approved,134712,$67.36,https://www.instagram.com/reel/DQraBpMjFbW/?igsh=M2JldmN0dDcxdWE=
"Nov 5, 2025, 08:30 AM",Steve,Instagram,BetOnline/Wild Casino Watermark,Approved,247550,$123.78,https://www.instagram.com/reel/DQrZjvaAq9d/?igsh=N2M2YXlpbGJlYm0=
"Nov 5, 2025, 08:28 AM",Brad,Instagram,BetOnline/Wild Casino Watermark,Approved,129722,$64.86,https://www.instagram.com/reel/DQrZcNwkf76/
"Nov 5, 2025, 08:24 AM",Brad,Instagram,BetOnline/Wild Casino Watermark,Approved,116185,$58.09,https://www.instagram.com/reel/DQrYxOBDnN3/
"Nov 5, 2025, 08:24 AM",KGC Team,Instagram,BetOnline/Wild Casino Watermark,Approved,304923,$152.46,https://www.instagram.com/reel/DQrY0g4Du89/?igsh=anVvZmNzeGoxbGd2
"Nov 5, 2025, 08:11 AM",Frankie,Instagram,BetOnline/Wild Casino Watermark,Approved,116081,$58.04,https://www.instagram.com/reel/DQrXfz9jeq5/?igsh=bzMxNW0zZzZneXZz
"Nov 5, 2025, 08:05 AM",Viiralvidz,Instagram,BetOnline/Wild Casino Watermark,Approved,179261,$89.63,https://www.instagram.com/reel/DQrUNMaiuag/?igsh=MWMwdW95ZXJxcnEyYw==
"Nov 5, 2025, 07:49 AM",Tolga Bal,Instagram,BetOnline/Wild Casino Watermark,Approved,542580,$271.29,https://www.instagram.com/reel/DQrVBHWDQm4/?igsh=Y2ZoeDd4YXNrdGhq
"Nov 5, 2025, 07:37 AM",Truman Leong,Instagram,BetOnline/Wild Casino Watermark,Approved,78882,$39.44,https://www.instagram.com/reel/DQrTPOeE43p/?igsh=eTVueWJtd3l0bXAx
"Nov 5, 2025, 07:26 AM",KGC Team,Instagram,BetOnline/Wild Casino Watermark,Approved,293656,$146.83,https://www.instagram.com/reel/DQrSZtIDmfR/?igsh=MTk0OGozNWc1ZW1ibg==
"Nov 5, 2025, 07:16 AM",.,Instagram,BetOnline/Wild Casino Watermark,Approved,367560,$183.78,https://www.instagram.com/reel/DQrRHqZCazL/?igsh=YTQ1MW02OGE1aWZ1
"Nov 5, 2025, 06:58 AM",Steve,Instagram,BetOnline/Wild Casino Watermark,Approved,48862,$24.43,https://www.instagram.com/reel/DQrOLF2DZpF/?igsh=MWo4NjBib2gwb2hldg==
"Nov 5, 2025, 06:37 AM",Steve,Instagram,BetOnline/Wild Casino Watermark,Approved,97554,$48.78,https://www.instagram.com/reel/DQrMopgChhH/?igsh=MW8xa3d4anVuMWdxaw==
"Nov 5, 2025, 06:36 AM",Steve,Instagram,BetOnline/Wild Casino Watermark,Approved,15902,$7.95,https://www.instagram.com/reel/DQrKpJ6CLPj/?igsh=MWg2OGJ3anlseXM2eQ==
"Nov 5, 2025, 06:36 AM",Steve,Instagram,BetOnline/Wild Casino Watermark,Approved,57316,$28.66,https://www.instagram.com/reel/DQrKkehCAda/?igsh=emI2dHoydGQxNW13
"Nov 5, 2025, 06:36 AM",Steve,Instagram,BetOnline/Wild Casino Watermark,Approved,56361,$28.18,https://www.instagram.com/reel/DQrKUKjCJ-8/?igsh=MXN4NHJyZHl4dzM1eA==
"Nov 5, 2025, 06:31 AM",Frankie,Instagram,BetOnline/Wild Casino Watermark,Approved,549800,$274.90,https://www.instagram.com/reel/DQrMGFQjYNN/?igsh=MWdzeGc5bWk5YjV3Yw==
"Nov 5, 2025, 06:25 AM",Nathan,Tiktok,BetOnline/Wild Casino Watermark,Approved,161607,$80.80,https://vt.tiktok.com/ZSyfcwBxt/
"Nov 5, 2025, 06:15 AM",Shubham,Instagram,BetOnline/Wild Casino Watermark,Approved,9367,$4.68,https://www.instagram.com/reel/DQrIb9IDYF1/?igsh=b3hkenp4bThoZnps
"Nov 5, 2025, 05:55 AM",Nathan,Instagram,BetOnline/Wild Casino Watermark,Approved,373979,$186.99,https://www.instagram.com/reel/DQqeZl2jebM/?igsh=ZzZrZXM4cXlldHpj
"Nov 5, 2025, 05:54 AM",Steve,Instagram,BetOnline/Wild Casino Watermark,Approved,74443,$37.22,https://www.instagram.com/reel/DQrF6S1jH7_/?igsh=MWtmcjJ0a2tobnVjbQ==
"Nov 5, 2025, 05:54 AM",Brad,Instagram,BetOnline/Wild Casino Watermark,Approved,424584,$212.29,https://www.instagram.com/reel/DQrHX05kVoo/
"Nov 5, 2025, 05:54 AM",Steve,Instagram,BetOnline/Wild Casino Watermark,Approved,9005,$4.50,https://www.instagram.com/reel/DQrFx9KCIn8/?igsh=MTBuZjg3OGcxZWwyYQ==
"Nov 5, 2025, 05:50 AM",SC Enterprises,Instagram,BetOnline/Wild Casino Watermark,Approved,131158,$65.58,https://www.instagram.com/reel/DQrHN2Jk3ci/?igsh=anc1ZTZmbGNyeW11
"Nov 5, 2025, 05:43 AM",Brad,Instagram,BetOnline/Wild Casino Watermark,Approved,456757,$228.38,https://www.instagram.com/reel/DQrGncgALRI/
"Nov 5, 2025, 05:38 AM",Brad,Instagram,BetOnline/Wild Casino Watermark,Approved,223267,$111.63,https://www.instagram.com/p/DQrFuSNDnMX/
"Nov 5, 2025, 05:31 AM",Brad,Instagram,BetOnline/Wild Casino Watermark,Approved,364604,$182.30,https://www.instagram.com/p/DQrFGlhEdpG/
"Nov 5, 2025, 05:27 AM",Brad,Instagram,BetOnline/Wild Casino Watermark,Approved,346943,$173.47,https://www.instagram.com/p/DQrEmREjo-R/
"Nov 5, 2025, 05:25 AM",KGC Team,Instagram,BetOnline/Wild Casino Watermark,Approved,1177945,$300.00,https://www.instagram.com/reel/DQrEeDWDqw9/?igsh=MWZvcWIxMzJrcXR5cg==
"Nov 5, 2025, 05:19 AM",Brad,Instagram,BetOnline/Wild Casino Watermark,Approved,186562,$93.28,https://www.instagram.com/p/DQrAaCCkdyx/
"Nov 5, 2025, 05:17 AM",Steve,Instagram,BetOnline/Wild Casino Watermark,Approved,422151,$211.08,https://www.instagram.com/reel/DQrDpEXisTN/?igsh=MXY1cXhqOWI1bWl0Yg==
"Nov 5, 2025, 05:02 AM",Steve,Instagram,BetOnline/Wild Casino Watermark,Approved,145886,$72.94,https://www.instagram.com/reel/DQrBrmxCE07/?igsh=aW1zN3IyajFrYXUw
"Nov 5, 2025, 04:55 AM",Steve,Instagram,BetOnline/Wild Casino Watermark,Approved,126602,$63.30,https://www.instagram.com/reel/DQrA6oFjD4O/?igsh=MWExYjdybWk4NGxyMw==
"Nov 5, 2025, 04:54 AM",Steve,Instagram,BetOnline/Wild Casino Watermark,Approved,385532,$192.77,https://www.instagram.com/reel/DQrBAJxgmEZ/?igsh=dnN0bG4xdWhqY3Zw
"Nov 5, 2025, 04:54 AM",Steve,Instagram,BetOnline/Wild Casino Watermark,Approved,626215,$300.00,https://www.instagram.com/reel/DQrA6cIjFqW/?igsh=YnpsZ3BjNWM3dGg3
"Nov 5, 2025, 04:46 AM",instagrammer,Instagram,BetOnline/Wild Casino Watermark,Approved,28849,$14.42,https://www.instagram.com/reel/DQrAKyTACTB/?igsh=MXBxYmhhbmNlaHd0dA==
"Nov 5, 2025, 04:44 AM",instagrammer,Instagram,BetOnline/Wild Casino Watermark,Approved,13837,$6.92,https://www.instagram.com/reel/DQq-jfzjoLC/?igsh=MXh1a2tnMmI4bjVnbA==
"Nov 5, 2025, 04:41 AM",Brad,Instagram,BetOnline/Wild Casino Watermark,Approved,263120,$131.56,https://www.instagram.com/reel/DQq_YZzAGCz/
"Nov 5, 2025, 04:35 AM",Brad,Instagram,BetOnline/Wild Casino Watermark,Approved,113395,$56.70,https://www.instagram.com/p/DQq-xGajs-3/
"Nov 5, 2025, 04:33 AM",Shubham,Instagram,BetOnline/Wild Casino Watermark,Approved,9136,$4.57,https://www.instagram.com/reel/DQq-XWUDdos/?igsh=dXRiOHdlOGk1N2xh
"Nov 5, 2025, 04:32 AM",instagrammer,Instagram,BetOnline/Wild Casino Watermark,Approved,13837,$6.92,https://www.instagram.com/reel/DQq-jfzjoLC/?igsh=MTlnbnRocXkwcmZmag==
"Nov 5, 2025, 04:31 AM",instagrammer,Instagram,BetOnline/Wild Casino Watermark,Approved,24005,$12.00,https://www.instagram.com/reel/DQq-ZxcDm2f/?igsh=Y3A1ZDl3b2h6bW95
"Nov 5, 2025, 04:28 AM",Brad,Instagram,BetOnline/Wild Casino Watermark,Approved,142790,$71.40,https://www.instagram.com/p/DQq98makUhS/
"Nov 5, 2025, 04:27 AM",instagrammer,Instagram,BetOnline/Wild Casino Watermark,Approved,50833,$25.42,https://www.instagram.com/reel/DQq98J6Dppy/?igsh=MTEzdzk5cjdsMmt4aQ==
"Nov 5, 2025, 04:27 AM",Frankie,Instagram,BetOnline/Wild Casino Watermark,Approved,215981,$107.99,https://www.instagram.com/reel/DQq90HMjbu4/?igsh=MThzZXl5b3JidndseA==
"Nov 5, 2025, 04:24 AM",Brad,Instagram,BetOnline/Wild Casino Watermark,Approved,171845,$85.92,https://www.instagram.com/p/DQq9Y0ADjni/
"Nov 5, 2025, 04:17 AM",.,Instagram,BetOnline/Wild Casino Watermark,Approved,367032,$183.52,https://www.instagram.com/reel/DQq8snzCeRn/?igsh=MTB4Y3oxenF0ZDkyaQ==
"Nov 5, 2025, 04:02 AM",Rich 💲,Instagram,BetOnline/Wild Casino Watermark,Approved,25101,$12.55,https://www.instagram.com/reel/DQq6_K3gRYo/?igsh=MWpmMDB2NGhuaWVuYQ==
"Nov 5, 2025, 04:00 AM",Truman Leong,Instagram,BetOnline/Wild Casino Watermark,Approved,40027,$20.01,https://www.instagram.com/reel/DQq6lUgkxys/?igsh=MWxkYWV3emRyc3V4OA==
"Nov 5, 2025, 03:58 AM",KGC Team,Instagram,BetOnline/Wild Casino Watermark,Approved,672071,$300.00,https://www.instagram.com/reel/DQq6ivEDhf7/?igsh=eThpeW5uaHc3dDNx
"Nov 5, 2025, 03:23 AM",KGC Team,Instagram,BetOnline/Wild Casino Watermark,Approved,78571,$39.29,https://www.instagram.com/reel/DQq2kO3Dghk/?igsh=MWRxcmRuOHF3enhtbA==
"Nov 5, 2025, 03:19 AM",KGC Team,Instagram,BetOnline/Wild Casino Watermark,Approved,1471634,$300.00,https://www.instagram.com/reel/DQq19eajvO1/?igsh=YzNjbXVkdHJtNGV5
"Nov 5, 2025, 03:19 AM",Truman Leong,Instagram,BetOnline/Wild Casino Watermark,Approved,32611,$16.31,https://www.instagram.com/reel/DQq18sfkyVN/?igsh=MXQxdnZzejVuZTIwdQ==
"Nov 5, 2025, 03:10 AM",instagrammer,Instagram,BetOnline/Wild Casino Watermark,Approved,12039,$6.02,https://www.instagram.com/reel/DQq1K0vAI0l/?igsh=dDJtZHdmeGIybm0y
"Nov 5, 2025, 03:08 AM",instagrammer,Instagram,BetOnline/Wild Casino Watermark,Approved,25149,$12.57,https://www.instagram.com/reel/DQq03KggDW5/?igsh=cG1nNDFlOTdiYm1p
"Nov 5, 2025, 02:46 AM",Truman Leong,Instagram,BetOnline/Wild Casino Watermark,Approved,129725,$64.86,https://www.instagram.com/reel/DQqyOTDk-3S/?igsh=MTN3ZHNjNnJxa2Fnbg==
"Nov 5, 2025, 02:44 AM",KGC Team,Instagram,BetOnline/Wild Casino Watermark,Approved,566463,$283.23,https://www.instagram.com/reel/DQqyKwrjrxF/?igsh=c3B2MGZxbjE1aGoy
"Nov 5, 2025, 02:32 AM",instagrammer,Instagram,BetOnline/Wild Casino Watermark,Approved,49709,$24.85,https://www.instagram.com/reel/DQqw0KPjnG5/?igsh=NTc4MTIwNjQ2YQ==
"Nov 5, 2025, 02:29 AM",instagrammer,Instagram,BetOnline/Wild Casino Watermark,Approved,15216,$7.61,https://www.instagram.com/reel/DQqwiVpjlAQ/?igsh=MWZqcWpzZTN1Y2hreA==
"Nov 5, 2025, 02:28 AM",instagrammer,Instagram,BetOnline/Wild Casino Watermark,Approved,38157,$19.08,https://www.instagram.com/reel/DQqwMwsjq_V/?igsh=MTg3ZHFna3E2ZWs1bA==
"Nov 5, 2025, 02:28 AM",Fulltimetweets ,Instagram,BetOnline/Wild Casino Watermark,Approved,30368,$15.18,https://www.instagram.com/reel/DQptHE5CDza/?igsh=MTVlbTdnMHhlN2pv
"Nov 5, 2025, 02:27 AM",instagrammer,Instagram,BetOnline/Wild Casino Watermark,Approved,38157,$19.08,https://www.instagram.com/reel/DQqwMwsjq_V/?igsh=MWticWMwNXlrbXlxMw==
"Nov 5, 2025, 02:10 AM",Rich 💲,Instagram,BetOnline/Wild Casino Watermark,Approved,43093,$21.55,https://www.instagram.com/reel/DQquLR1EuHQ/?igsh=cnNnbzkzMWVkYWFw
"Nov 5, 2025, 01:38 AM",KGC Team,Instagram,BetOnline/Wild Casino Watermark,Approved,7737277,$300.00,https://www.instagram.com/reel/DQqqg1yjg98/?igsh=MXRsMjZpNHU5a3NhbA==
"Nov 5, 2025, 01:24 AM",instagrammer,Instagram,BetOnline/Wild Casino Watermark,Approved,19354,$9.68,https://www.instagram.com/reel/DQqo8fFDgx6/?igsh=MWlocHI5ajh4MjhoeA==
"Nov 5, 2025, 01:20 AM",Brad,Instagram,BetOnline/Wild Casino Watermark,Approved,1190077,$300.00,https://www.instagram.com/p/DQqogvejrLU/
"Nov 5, 2025, 01:20 AM",Frankie,Instagram,BetOnline/Wild Casino Watermark,Approved,371684,$185.84,https://www.instagram.com/reel/DQqoa5ajYIm/?igsh=MWkzdjJwemlzYzk5cw==
"Nov 5, 2025, 01:16 AM",Brad,Instagram,BetOnline/Wild Casino Watermark,Approved,701721,$300.00,https://www.instagram.com/p/DQqoAhzjuxW/
"Nov 5, 2025, 01:09 AM",Brad,Instagram,BetOnline/Wild Casino Watermark,Approved,710431,$300.00,https://www.instagram.com/p/DQqnTTvjiD1/
"Nov 5, 2025, 01:06 AM",Brad,Instagram,BetOnline/Wild Casino Watermark,Approved,814607,$300.00,https://www.instagram.com/p/DQqm4xejjAW/
"Nov 5, 2025, 12:58 AM",KGC Team,Instagram,BetOnline/Wild Casino Watermark,Approved,260315,$130.16,https://www.instagram.com/reel/DQqlmWYjk05/?igsh=MXJ2ZWhteWFvZHkwdA==
"Nov 5, 2025, 12:21 AM",KGC Team,Instagram,BetOnline/Wild Casino Watermark,Approved,895705,$300.00,https://www.instagram.com/reel/DQqhiTFjiw7/?igsh=MWxjdG9ldDR4MXBwbQ==
"Nov 5, 2025, 12:10 AM",instagrammer,Instagram,BetOnline/Wild Casino Watermark,Approved,81771,$40.89,https://www.instagram.com/reel/DQqgdbpAB1B/?igsh=NGl3eDQ3ZWtmb2R2
"Nov 4, 2025, 11:53 PM",Jason,Instagram,BetOnline/Wild Casino Watermark,Approved,373979,$186.99,https://www.instagram.com/reel/DQqeZl2jebM/?igsh=OHZpZ2dvZWI5djVi
"Nov 4, 2025, 11:51 PM",senku,Instagram,BetOnline/Wild Casino Watermark,Approved,147528,$73.76,https://www.instagram.com/reel/DQqduzREr3K/?igsh=eTl6bWUwbzd3YXVj
"Nov 4, 2025, 11:50 PM",.,Instagram,BetOnline/Wild Casino Watermark,Approved,258878,$129.44,https://www.instagram.com/reel/DQqeEnbiQZz/?igsh=ZmVwdTBkOTBnd2F2
"Nov 4, 2025, 11:41 PM",Truman Leong,Instagram,BetOnline/Wild Casino Watermark,Approved,29338,$14.67,https://www.instagram.com/reel/DQouM8oEyf0/?igsh=Zm52YjRzNnd5OXJi
"Nov 4, 2025, 11:24 PM",Rich 💲,Instagram,BetOnline/Wild Casino Watermark,Approved,218548,$109.27,https://www.instagram.com/reel/DQqbEkyDSH0/?igsh=MTV6ZWY5dGExb2pkMg==
"Nov 4, 2025, 11:12 PM",Brad,Instagram,BetOnline/Wild Casino Watermark,Approved,195201,$97.60,https://www.instagram.com/p/DQqZughDp0s/
"Nov 4, 2025, 11:07 PM",Brad,Instagram,BetOnline/Wild Casino Watermark,Approved,120803,$60.40,https://www.instagram.com/p/DQqYYiAgA2w/
"Nov 4, 2025, 10:51 PM",Brad,Instagram,BetOnline/Wild Casino Watermark,Approved,104925,$52.46,https://www.instagram.com/p/DQqXBo-DWHF/
"Nov 4, 2025, 10:42 PM",Brad,Instagram,BetOnline/Wild Casino Watermark,Approved,139414,$69.71,https://www.instagram.com/p/DQqWdCnjfy7/
"Nov 4, 2025, 10:38 PM",Brad,Instagram,BetOnline/Wild Casino Watermark,Approved,168929,$84.46,https://www.instagram.com/p/DQqV8F7DnTV/
"Nov 4, 2025, 10:07 PM",.,Instagram,BetOnline/Wild Casino Watermark,Approved,290792,$145.40,https://www.instagram.com/reel/DQqSUIgCXr_/?igsh=MXRpZ2d1M3NzZDNxdA==
"Nov 4, 2025, 10:04 PM",Rich 💲,Instagram,BetOnline/Wild Casino Watermark,Approved,5764,$2.88,https://www.instagram.com/reel/DQqR6_9EXyE/?igsh=MWhoNjB4Ym9hbGhqag==
"Nov 4, 2025, 09:49 PM",Rich 💲,Instagram,BetOnline/Wild Casino Watermark,Approved,200850,$100.43,https://www.instagram.com/reel/DQqQT1DkxEh/?igsh=MWE5aGF2dng0ejR6Yw==
"Nov 4, 2025, 09:45 PM",Rich 💲,Instagram,BetOnline/Wild Casino Watermark,Approved,45219,$22.61,https://www.instagram.com/reel/DQqPvQpEgR7/?igsh=eHFuMTZlMTY4eHE2
"Nov 4, 2025, 09:33 PM",Rich 💲,Instagram,BetOnline/Wild Casino Watermark,Approved,132541,$66.27,https://www.instagram.com/reel/DQqOWJhCV0M/?igsh=MWNib3I1czkxNWN5ZQ==
"Nov 4, 2025, 09:15 PM",Rich 💲,Instagram,BetOnline/Wild Casino Watermark,Approved,68919,$34.46,https://www.instagram.com/reel/DQqMOPmEqXZ/?igsh=ODRicmVrMG1mZGM5
"Nov 4, 2025, 09:15 PM",Nathan,Instagram,BetOnline/Wild Casino Watermark,Approved,53646,$26.82,https://www.instagram.com/p/DQqMZL0CAK7/
"Nov 4, 2025, 09:03 PM",Rich 💲,Instagram,BetOnline/Wild Casino Watermark,Approved,126124,$63.06,https://www.instagram.com/reel/DQqLAbJEsYp/?igsh=N3N0aWFneWs1cjNj
"Nov 4, 2025, 08:58 PM",Nathan,Instagram,BetOnline/Wild Casino Watermark,Approved,60251,$30.13,https://www.instagram.com/p/DQqKaUaiEgr/
"Nov 4, 2025, 08:44 PM",Chris B,Instagram,BetOnline/Wild Casino Watermark,Approved,353638,$176.82,https://www.instagram.com/reel/DQqI-y8jdtW/?igsh=MWVzd3hqajV1eWp1
"Nov 4, 2025, 08:40 PM",Rich 💲,Instagram,BetOnline/Wild Casino Watermark,Approved,35590,$17.80,https://www.instagram.com/reel/DQqIPYZic7d/?igsh=MXF5ZHFyMTFwNjFlZw==
"Nov 4, 2025, 08:32 PM",Chris B,Instagram,BetOnline/Wild Casino Watermark,Approved,466970,$233.49,https://www.instagram.com/reel/DQqHn99kWje/?igsh=MXdrNjk2Zzd4eGJscw==
"Nov 4, 2025, 08:30 PM",Rich 💲,Instagram,BetOnline/Wild Casino Watermark,Approved,186225,$93.11,https://www.instagram.com/reel/DQqHPE6EhDl/?igsh=MTV1djYwaGFxbDg0OQ==
"Nov 4, 2025, 08:28 PM",Chris B,Instagram,BetOnline/Wild Casino Watermark,Approved,40475,$20.24,https://www.instagram.com/reel/DQqG8hKjEkU/?igsh=c2h3ODdyY2F5YXBz
"Nov 4, 2025, 08:21 PM",Nathan,Instagram,BetOnline/Wild Casino Watermark,Approved,23576,$11.79,https://www.instagram.com/p/DQqGPVtCBcQ/
"Nov 4, 2025, 08:14 PM",Rich 💲,Instagram,BetOnline/Wild Casino Watermark,Approved,318726,$159.36,https://www.instagram.com/reel/DQqFZt7EqRt/?igsh=MTQzbGw0Y2VrYTB1bw==
"Nov 4, 2025, 08:14 PM",Viiralvidz,Instagram,BetOnline/Wild Casino Watermark,Approved,155688,$77.84,https://www.instagram.com/reel/DQqCH7ZDL84/?igsh=cjJlNGRhdGlubDRm
"Nov 4, 2025, 08:08 PM",Nathan,Tiktok,BetOnline/Wild Casino Watermark,Approved,290560,$145.28,https://vt.tiktok.com/ZSyyu8Up7/
"Nov 4, 2025, 08:05 PM",Rich 💲,Instagram,BetOnline/Wild Casino Watermark,Approved,72108,$36.05,https://www.instagram.com/reel/DQqESLzE_zp/?igsh=NnptMnkxcm5jbWtl
"Nov 4, 2025, 08:05 PM",Rich 💲,Instagram,BetOnline/Wild Casino Watermark,Approved,20700,$10.35,https://www.instagram.com/reel/DQqES0tkgXI/?igsh=MzFmYmhlaGx0ejk2
"Nov 4, 2025, 08:01 PM",Nathan,Instagram,BetOnline/Wild Casino Watermark,Approved,110709,$55.35,https://www.instagram.com/p/DQqEHeqiB5m/
"Nov 4, 2025, 07:52 PM",Rich 💲,Instagram,BetOnline/Wild Casino Watermark,Approved,76171,$38.09,https://www.instagram.com/reel/DQqCzVakgh-/?igsh=eHVxeDNvbGV5a2pm
"Nov 4, 2025, 07:46 PM",Rich 💲,Instagram,BetOnline/Wild Casino Watermark,Approved,33317,$16.66,https://www.instagram.com/reel/DQqCMXFkiQD/?igsh=MXZsaGJ3Y2EyaDQ3aw==
"Nov 4, 2025, 07:45 PM",Jason,Instagram,BetOnline/Wild Casino Watermark,Approved,368270,$184.14,https://www.instagram.com/reel/DQqB_WujWjk/?igsh=MW1tYWR5MGY4OGpkcA==
"Nov 4, 2025, 07:40 PM",Rich 💲,Instagram,BetOnline/Wild Casino Watermark,Approved,169252,$84.63,https://www.instagram.com/reel/DQqBjwcEiu_/?igsh=MXN1cDE2cnZybDlvZg==
"Nov 4, 2025, 07:34 PM",Rich 💲,Instagram,BetOnline/Wild Casino Watermark,Approved,19105,$9.55,https://www.instagram.com/reel/DQqA1aDkwtV/?igsh=MTZsY2l3MnF4MWVoMg==
"Nov 4, 2025, 07:33 PM",Meme Daddy,Instagram,BetOnline/Wild Casino Watermark,Approved,340692,$170.35,https://www.instagram.com/reel/DQqASS7D_JF/?igsh=MXZlbzZ6NzlsMnBqNw==
"Nov 4, 2025, 07:31 PM",Chris B,Instagram,BetOnline/Wild Casino Watermark,Approved,702602,$300.00,https://www.instagram.com/reel/DQqAnk7DGXm/?igsh=MTVjb3k4OXk1dTQ3OQ==
"Nov 4, 2025, 07:26 PM",Rich 💲,Instagram,BetOnline/Wild Casino Watermark,Approved,3030,$0.00,https://www.instagram.com/reel/DQp_sC2k_iw/?igsh=ZTRza3I2OWE0dWFy
"Nov 4, 2025, 07:24 PM",Rich 💲,Instagram,BetOnline/Wild Casino Watermark,Approved,69602,$34.80,https://www.instagram.com/reel/DQp_oLrElOa/?igsh=d2EycXFpenQyYzJh
"Nov 4, 2025, 07:14 PM",Rich 💲,Instagram,BetOnline/Wild Casino Watermark,Approved,34866,$17.43,https://www.instagram.com/reel/DQp-kXikyGP/?igsh=NWcybGF3dWt6eGdp
"Nov 4, 2025, 07:07 PM",Viiralvidz,Instagram,BetOnline/Wild Casino Watermark,Approved,81445,$40.72,https://www.instagram.com/reel/DQp6bhniq97/?igsh=MW9xbnhxend5cHpuOA==
"Nov 4, 2025, 07:02 PM",Rich 💲,Instagram,BetOnline/Wild Casino Watermark,Approved,14461,$7.23,https://www.instagram.com/reel/DQp9JTjku1U/?igsh=cjE1NG83aWZ5N212
"Nov 4, 2025, 07:01 PM",Rich 💲,Instagram,BetOnline/Wild Casino Watermark,Approved,235766,$117.88,https://www.instagram.com/reel/DQp9MbcEm24/?igsh=MTZ0Z2gyeWxtNm5yNw==
"Nov 4, 2025, 06:47 PM",Rich 💲,Instagram,BetOnline/Wild Casino Watermark,Approved,72531,$36.27,https://www.instagram.com/reel/DQp7YTJko7b/?igsh=ODRzYTF5ODRqZHU1
"Nov 4, 2025, 06:47 PM",Brad,Instagram,BetOnline/Wild Casino Watermark,Approved,82772,$41.39,https://www.instagram.com/reel/DQp7X25CSzO/?igsh=MXFoaDd1eHAxNDRu
"Nov 4, 2025, 06:47 PM",Rich 💲,Instagram,BetOnline/Wild Casino Watermark,Approved,44681,$22.34,https://www.instagram.com/reel/DQp7bgKkstK/?igsh=aThjOWlsbDd2dTM2
"Nov 4, 2025, 06:43 PM",Jason,Instagram,BetOnline/Wild Casino Watermark,Approved,708275,$300.00,https://www.instagram.com/reel/DQpLhRxCXtV/?igsh=azA3b3c2eGpiZ3Jv
"Nov 4, 2025, 06:37 PM",Rich 💲,Instagram,BetOnline/Wild Casino Watermark,Approved,402925,$201.46,https://www.instagram.com/reel/DQp6QCxEmtY/?igsh=MTk5ZmwxNWw0cGszbA==
"Nov 4, 2025, 06:31 PM",Rich 💲,Instagram,BetOnline/Wild Casino Watermark,Approved,30935,$15.47,https://www.instagram.com/reel/DQp5ZSuExTq/?igsh=MXVkYjJ1YW56YmswMg==
"Nov 4, 2025, 06:29 PM",.,Instagram,BetOnline/Wild Casino Watermark,Approved,155408,$77.70,https://www.instagram.com/reel/DQp5gUQkg39/?igsh=MWVhazg1OXZlNXY1cw==
"Nov 4, 2025, 06:20 PM",Rich 💲,Instagram,BetOnline/Wild Casino Watermark,Approved,43725,$21.86,https://www.instagram.com/reel/DQp4XGyk0Q3/?igsh=MTl5eTZvdHJhdTQxZg==
"Nov 4, 2025, 06:16 PM",Rich 💲,Instagram,BetOnline/Wild Casino Watermark,Approved,146819,$73.41,https://www.instagram.com/reel/DQp33e8E50E/?igsh=bHljMDJ4OHhoaGs1
"Nov 4, 2025, 06:13 PM",Jason,Instagram,BetOnline/Wild Casino Watermark,Approved,271149,$135.57,https://www.instagram.com/reel/DQp3lLmjdAJ/?igsh=MTJ0emNsY2xkOHdqMg==
"Nov 4, 2025, 06:10 PM",Rich 💲,Instagram,BetOnline/Wild Casino Watermark,Approved,117931,$58.97,https://www.instagram.com/reel/DQp3JwvksmQ/?igsh=MWJxcmNtcmJldXk5Zw==
"Nov 4, 2025, 06:05 PM",Rich 💲,Instagram,BetOnline/Wild Casino Watermark,Approved,246246,$123.12,https://www.instagram.com/reel/DQp2sZ_EveM/?igsh=dDlwMThvZXphNThk
"Nov 4, 2025, 05:57 PM",Rich 💲,Instagram,BetOnline/Wild Casino Watermark,Approved,246388,$123.19,https://www.instagram.com/reel/DQp10Vekkri/?igsh=MThyd2VvYXR6NWJ1dA==
"Nov 4, 2025, 05:53 PM",Rich 💲,Instagram,BetOnline/Wild Casino Watermark,Approved,142862,$71.43,https://www.instagram.com/reel/DQp1ORwE1u0/?igsh=MWI0YzJoeDFwbDlsbA==
"Nov 4, 2025, 05:50 PM",Rich 💲,Instagram,BetOnline/Wild Casino Watermark,Approved,125080,$62.54,https://www.instagram.com/reel/DQp0_H0E7Rh/?igsh=enZnNXFsM3IyMDBi
"Nov 4, 2025, 05:45 PM",Zarak khan,Youtube,BetOnline/Wild Casino Watermark,Approved,12682,$6.34,https://youtube.com/shorts/ft47vKuRgrM?si=bqvupVybg5HbejGh
"Nov 4, 2025, 05:43 PM",Rich 💲,Instagram,BetOnline/Wild Casino Watermark,Approved,105417,$52.71,https://www.instagram.com/reel/DQpz6Ebkmwg/?igsh=Z3Z0bXNiZ3dwamd4
"Nov 4, 2025, 05:42 PM",Jason,Instagram,BetOnline/Wild Casino Watermark,Approved,853287,$300.00,https://www.instagram.com/reel/DQpz1kcjeEL/?igsh=eWJuMHByM2w2eTV2
"Nov 4, 2025, 05:41 PM",Rich 💲,Instagram,BetOnline/Wild Casino Watermark,Approved,446226,$223.11,https://www.instagram.com/reel/DQnQF6VjHAT/?igsh=YzFmdGViOXJzODhn
"Nov 4, 2025, 05:38 PM",elo,Instagram,BetOnline/Wild Casino Watermark,Approved,156574,$78.29,https://www.instagram.com/reel/DQpx4VkjrQw/?igsh=MXQ0OHQzcm93ZGRnMQ==
"Nov 4, 2025, 05:35 PM",KGC Team,Instagram,BetOnline/Wild Casino Watermark,Approved,1479424,$300.00,https://www.instagram.com/reel/DQpzS8mjlIa/?igsh=MWZxaDBwaDlteDg0ag==
"Nov 4, 2025, 05:33 PM",Rich 💲,Instagram,BetOnline/Wild Casino Watermark,Approved,280361,$140.18,https://www.instagram.com/reel/DQpzChLkynZ/?igsh=OXMzMGFtMnByY3Q2
"Nov 4, 2025, 05:33 PM",Frankie,Instagram,BetOnline/Wild Casino Watermark,Approved,510012,$255.01,https://www.instagram.com/reel/DQpzF-ICELo/?igsh=dzhqN3dmMG91NDZ2
"Nov 4, 2025, 05:29 PM",Rich 💲,Instagram,BetOnline/Wild Casino Watermark,Approved,98015,$49.01,https://www.instagram.com/reel/DQpydg_k-G6/?igsh=dDk4eWZkOGJ5c3cz
"Nov 4, 2025, 05:22 PM",Rich 💲,Instagram,BetOnline/Wild Casino Watermark,Approved,155193,$77.60,https://www.instagram.com/reel/DQpxRsXEqal/?igsh=d25uczVwczFuNHZt
"Nov 4, 2025, 05:17 PM",Chris B,Instagram,BetOnline/Wild Casino Watermark,Approved,97488,$48.74,https://www.instagram.com/reel/DQpxRTOEfeI/?igsh=NHR3MnVjZHRtZmJj
"Nov 4, 2025, 05:11 PM",Chris B,Instagram,BetOnline/Wild Casino Watermark,Approved,211682,$105.84,https://www.instagram.com/reel/DQpwfw7kf-p/?igsh=MXRudWppNHEzZmpoZw==
"Nov 4, 2025, 05:11 PM",Rich 💲,Instagram,BetOnline/Wild Casino Watermark,Approved,327582,$163.79,https://www.instagram.com/reel/DQpwcflEvT0/?igsh=MTB5dXp6b2dxa3k4Zg==
"Nov 4, 2025, 05:10 PM",Chris B,Instagram,BetOnline/Wild Casino Watermark,Approved,81581,$40.79,https://www.instagram.com/reel/DQpwb8gkdPP/?igsh=d2Q0cnA5Z2N4bXVw
"Nov 4, 2025, 05:04 PM",Rich 💲,Instagram,BetOnline/Wild Casino Watermark,Approved,228120,$114.06,https://www.instagram.com/reel/DQpvZgDE_0t/?igsh=MW5peXo5aWluZW16cA==
"Nov 4, 2025, 05:01 PM",Viiralvidz,Instagram,BetOnline/Wild Casino Watermark,Approved,131070,$65.54,https://www.instagram.com/reel/DQptzjTDEz4/?igsh=eWhwcXFscHR5OW91
"Nov 4, 2025, 04:57 PM",Rich 💲,Instagram,BetOnline/Wild Casino Watermark,Approved,196618,$98.31,https://www.instagram.com/reel/DQnYjPEE8Pr/?igsh=MWNuY3F3ODMxNGkyeA==
"Nov 4, 2025, 04:56 PM",Rich 💲,Instagram,BetOnline/Wild Casino Watermark,Approved,62210,$31.11,https://www.instagram.com/reel/DQnZqv5Excx/?igsh=MTd1NXJuaDEwbnhnMw==
"Nov 4, 2025, 04:55 PM",Rich 💲,Instagram,BetOnline/Wild Casino Watermark,Approved,200179,$100.09,https://www.instagram.com/reel/DQnaEcsErut/?igsh=MWdhbmc4cnhpb2UyYQ==
"Nov 4, 2025, 04:49 PM",Rich 💲,Instagram,BetOnline/Wild Casino Watermark,Approved,197688,$98.84,https://www.instagram.com/reel/DQnbD5VgU3D/?igsh=anR4cTR4NW83cmJh
"Nov 4, 2025, 04:48 PM",Rich 💲,Instagram,BetOnline/Wild Casino Watermark,Approved,176335,$88.17,https://www.instagram.com/reel/DQneFO3kpaR/?igsh=cDNrc3o3YWMwODky
"Nov 4, 2025, 04:48 PM",Rich 💲,Instagram,BetOnline/Wild Casino Watermark,Approved,121069,$60.53,https://www.instagram.com/reel/DQptuigEwe6/?igsh=MWQ0ejFsZDdmZ3o2YQ==
"Nov 4, 2025, 04:47 PM",Rich 💲,Instagram,BetOnline/Wild Casino Watermark,Approved,447312,$223.66,https://www.instagram.com/reel/DQngn3ICf16/?igsh=aWp5a2Vqam9wbGps
"Nov 4, 2025, 04:46 PM",Rich 💲,Instagram,BetOnline/Wild Casino Watermark,Approved,73196,$36.60,https://www.instagram.com/reel/DQnhtV4E8Pc/?igsh=MWM2c2JsaTFudWNl
"Nov 4, 2025, 04:44 PM",Rich 💲,Instagram,BetOnline/Wild Casino Watermark,Approved,246175,$123.09,https://www.instagram.com/reel/DQnoAlwEjKI/?igsh=MWlvdzZwbGM5Z3A2aQ==
"Nov 4, 2025, 04:42 PM",Rich 💲,Instagram,BetOnline/Wild Casino Watermark,Approved,389375,$194.69,https://www.instagram.com/reel/DQnpyTmAYwc/?igsh=NmJ2eWFtdG5maWl6
"Nov 4, 2025, 04:36 PM",Logan | Gameday Media,Instagram,BetOnline/Wild Casino Watermark,Approved,26396,$13.20,https://www.instagram.com/reel/DQpsk3hjUXO/?igsh=MWZmYW85NjFkaW1vOQ==
"Nov 4, 2025, 04:19 PM",Rich 💲,Instagram,BetOnline/Wild Casino Watermark,Approved,150722,$75.36,https://www.instagram.com/reel/DQn0ICxE0NX/?igsh=dGZxdW5xOGllYTVz
"Nov 4, 2025, 04:01 PM",Jason,Instagram,BetOnline/Wild Casino Watermark,Approved,1195057,$300.00,https://www.instagram.com/reel/DQpnpX9iYBj/?igsh=cGs0ODZpbjYwd2M0
"Nov 4, 2025, 03:42 PM",.,Instagram,BetOnline/Wild Casino Watermark,Approved,1131572,$300.00,https://www.instagram.com/reel/DQpmVAtE9WT/?igsh=Nzc0eGIzazk2M2Q5
"Nov 4, 2025, 03:41 PM",Chris B,Instagram,BetOnline/Wild Casino Watermark,Approved,86167,$43.08,https://www.instagram.com/reel/DQpmPCiEigW/?igsh=d3hiOXNnajE4Yzhi
"Nov 4, 2025, 03:27 PM",Viiralvidz,Instagram,BetOnline/Wild Casino Watermark,Approved,637328,$300.00,https://www.instagram.com/reel/DQpiUhaDOv4/?igsh=MXNhYTN0cTdsc3hkcw==
"Nov 4, 2025, 03:18 PM",KGC Team,Instagram,BetOnline/Wild Casino Watermark,Approved,284000,$142.00,https://www.instagram.com/reel/DQpjgF1kWrX/?igsh=dm9obmc3YjJ0aTZo
"Nov 4, 2025, 03:09 PM",Jason,Instagram,BetOnline/Wild Casino Watermark,Approved,558632,$279.32,https://www.instagram.com/reel/DQpiGZPCUh4/?igsh=MWt6NHV5dmR5MmloaA==
"Nov 4, 2025, 03:02 PM",Frankie,Instagram,BetOnline/Wild Casino Watermark,Approved,288219,$144.11,https://www.instagram.com/reel/DQph0L-jQKv/?igsh=MTZmM2M4bnhzZTBxdg==
"Nov 4, 2025, 02:46 PM",Rich 💲,Instagram,BetOnline/Wild Casino Watermark,Approved,447312,$223.66,https://www.instagram.com/reel/DQngn3ICf16/?igsh=MWhvcWY4cHBvdDIzeA==
"Nov 4, 2025, 02:45 PM",Rich 💲,Instagram,BetOnline/Wild Casino Watermark,Approved,197688,$98.84,https://www.instagram.com/reel/DQnbD5VgU3D/?igsh=aWp3emdzNjg5a2p4
"Nov 4, 2025, 02:34 PM",Chris B,Instagram,BetOnline/Wild Casino Watermark,Approved,44328,$22.16,https://www.instagram.com/reel/DQpeSxmEvU_/?igsh=c2FqcXh6dG90cmZi
"Nov 4, 2025, 02:22 PM",Rich 💲,Instagram,BetOnline/Wild Casino Watermark,Approved,29358,$14.68,https://www.instagram.com/reel/DQpdL0Jkoux/?igsh=MWV1aDlmNGh0bzQ3MA==
"Nov 4, 2025, 02:19 PM",KGC Team,Instagram,BetOnline/Wild Casino Watermark,Approved,194884,$97.44,https://www.instagram.com/reel/DQpcuSskaju/?igsh=OW1mbmlla3BuM3Fp
"Nov 4, 2025, 01:57 PM",Jason,Instagram,BetOnline/Wild Casino Watermark,Approved,2275515,$300.00,https://www.instagram.com/reel/DQpaGH5ic54/?igsh=NDR6MDFoeWtjZThk
"Nov 4, 2025, 01:45 PM",elo,Instagram,BetOnline/Wild Casino Watermark,Approved,132615,$66.31,https://www.instagram.com/reel/DQpU283Ee-n/?igsh=MXZocmd2YXc5ZGNncw==
"Nov 4, 2025, 01:08 PM",.,Instagram,BetOnline/Wild Casino Watermark,Approved,436671,$218.34,https://www.instagram.com/reel/DQpUsrKkxid/?igsh=MWg3eDZ0bWF2NnFsOA==
"Nov 4, 2025, 12:58 PM",Brad,Instagram,BetOnline/Wild Casino Watermark,Approved,83264,$41.63,https://www.instagram.com/reel/DQpTl5EDvD1/?igsh=c2l1cnUxYzR0cjQ1
"Nov 4, 2025, 12:45 PM",Jason,Instagram,BetOnline/Wild Casino Watermark,Approved,1120426,$300.00,https://www.instagram.com/reel/DQpR93wCXxd/?igsh=MW4xbGMxcjZ1MW02Zg==
"Nov 4, 2025, 12:44 PM",KGC Team,Instagram,BetOnline/Wild Casino Watermark,Approved,1140535,$300.00,https://www.instagram.com/reel/DQpR8CukTqC/?igsh=MTZhazRudmtxcDZiYw==
"Nov 4, 2025, 12:30 PM",Frankie,Instagram,BetOnline/Wild Casino Watermark,Approved,4706699,$300.00,https://www.instagram.com/reel/DQpQYzAjZKH/?igsh=MXEzeWY5ZHdmM2o1OQ==
"Nov 4, 2025, 12:12 PM",ranod,Instagram,BetOnline/Wild Casino Watermark,Approved,48300,$24.15,https://www.instagram.com/reel/DQpN8fqCH9D/?igsh=MWJtcXBmMnA3Znh5Nw==
"Nov 4, 2025, 12:07 PM",Mrigank Dwivedi,Instagram,BetOnline/Wild Casino Watermark,Approved,1310001,$300.00,https://www.instagram.com/reel/DQpNh4MEvcM/?igsh=YmNsNTNlazVyemhh
"Nov 4, 2025, 12:06 PM",Mrigank Dwivedi,Instagram,BetOnline/Wild Casino Watermark,Approved,16190,$8.10,https://www.instagram.com/reel/DQpNbZiktwZ/?igsh=MWZ1MXg3dDhhMnF3NA==
"Nov 4, 2025, 11:47 AM",Truman Leong,Instagram,BetOnline/Wild Casino Watermark,Approved,32012,$16.01,https://www.instagram.com/reel/DQo9pEAE0Hj/?igsh=MWJ4cGJ2aDR5cGoybA==
"Nov 4, 2025, 11:46 AM",Truman Leong,Instagram,BetOnline/Wild Casino Watermark,Approved,43752,$21.88,https://www.instagram.com/reel/DQo0VgLk1kn/?igsh=NjFxbDUxaWw3bnBy
"Nov 4, 2025, 11:43 AM",Truman Leong,Instagram,BetOnline/Wild Casino Watermark,Approved,6773,$3.39,https://www.instagram.com/reel/DQoxUslAch6/?igsh=NTNnM3BxNHB1NzN2
"Nov 4, 2025, 11:27 AM",Frankie,Instagram,BetOnline/Wild Casino Watermark,Approved,193652,$96.83,https://www.instagram.com/reel/DQpJPwpjf-W/?igsh=cnJqN3VoNWlvbXM=
"Nov 4, 2025, 11:24 AM",KGC Team,Instagram,BetOnline/Wild Casino Watermark,Approved,941206,$300.00,https://www.instagram.com/reel/DQpIvfPDg5k/?igsh=bXcxc2RncHRuZHBp
"Nov 4, 2025, 11:12 AM",Brad,Instagram,BetOnline/Wild Casino Watermark,Approved,190286,$95.14,https://www.instagram.com/reel/DQpGZcdCdFO/?igsh=dWkzaHAxbGh2anA5
"Nov 4, 2025, 11:10 AM",Jason,Instagram,BetOnline/Wild Casino Watermark,Approved,224588,$112.29,https://www.instagram.com/reel/DQpHI3FCRzx/?igsh=MXRvZDV5NWlrem5pMA==
"Nov 4, 2025, 11:08 AM",.,Instagram,BetOnline/Wild Casino Watermark,Approved,231767,$115.88,https://www.instagram.com/reel/DQpG7MCkpFe/?igsh=MW9iamRyM21mNnNpYg==
"Nov 4, 2025, 10:37 AM",Jason,Instagram,BetOnline/Wild Casino Watermark,Approved,904419,$300.00,https://www.instagram.com/reel/DQpDLqbiUyS/?igsh=bHFrY3F4cXJqNjg2
"Nov 4, 2025, 10:30 AM",KGC Team,Instagram,BetOnline/Wild Casino Watermark,Approved,155578,$77.79,https://www.instagram.com/reel/DQpCqoDjny9/?igsh=MWVhMDdlb2I1NGU4Mg==
"Nov 4, 2025, 10:26 AM",KGC Team,Instagram,BetOnline/Wild Casino Watermark,Approved,258521,$129.26,https://www.instagram.com/reel/DQpCMAEjgbY/?igsh=dDZvZ2wwdjBldmN5
"Nov 4, 2025, 10:12 AM",Jason,Instagram,BetOnline/Wild Casino Watermark,Approved,571706,$285.85,https://www.instagram.com/reel/DQpABIAjQ0Y/?igsh=OXNmMGxwMmF6cHVr
"Nov 4, 2025, 10:11 AM",Brad,Instagram,BetOnline/Wild Casino Watermark,Approved,470332,$235.17,https://www.instagram.com/reel/DQpAbDAkSqv/?igsh=Mml5Z2ZoYmVvd3Ew
"Nov 4, 2025, 10:06 AM",Brad,Instagram,BetOnline/Wild Casino Watermark,Approved,448422,$224.21,https://www.instagram.com/reel/DQo_3WGgPSE/?igsh=cWN1cGVlNnowbDlv
"Nov 4, 2025, 10:02 AM",Logan | Gameday Media,Instagram,BetOnline/Wild Casino Watermark,Approved,14067,$7.03,https://www.instagram.com/reel/DQn0PBZAGOm/?igsh=MW0yNjIwejN1cXB3ZA==
"Nov 4, 2025, 10:02 AM",Logan | Gameday Media,Instagram,BetOnline/Wild Casino Watermark,Approved,8225,$4.11,https://www.instagram.com/reel/DQnh08gjdDF/?igsh=c2R1bm5kb3dnb2I1
"Nov 4, 2025, 10:01 AM",Logan | Gameday Media,Instagram,BetOnline/Wild Casino Watermark,Approved,6359,$3.18,https://www.instagram.com/reel/DQnamjJET_i/?igsh=bmxsbmM1d2d0MWEw
"Nov 4, 2025, 10:01 AM",Logan | Gameday Media,Instagram,BetOnline/Wild Casino Watermark,Approved,44322,$22.16,https://www.instagram.com/reel/DQnScFHkZzy/?igsh=NDMwMngxajZwbjVi
"Nov 4, 2025, 10:01 AM",Logan | Gameday Media,Instagram,BetOnline/Wild Casino Watermark,Approved,34577,$17.29,https://www.instagram.com/reel/DQnJ6zREZWv/?igsh=MWg2bDV1bTFrbWxuZg==
"Nov 4, 2025, 09:59 AM",Brad,Instagram,BetOnline/Wild Casino Watermark,Approved,225533,$112.77,https://www.instagram.com/reel/DQo_CxZDiD1/?igsh=MXdhOW02NTc0ejhxeA==
"Nov 4, 2025, 09:57 AM",Logan | Gameday Media,Instagram,BetOnline/Wild Casino Watermark,Approved,8301,$4.15,https://www.instagram.com/reel/DQnhvQUDBNj/?igsh=b29ybmJrOHBxbmN6
"Nov 4, 2025, 09:56 AM",Logan | Gameday Media,Instagram,BetOnline/Wild Casino Watermark,Approved,23073,$11.54,https://www.instagram.com/reel/DQnatXRDIMm/?igsh=MWUycnk5amF0NWQ1ZA==
"Nov 4, 2025, 09:55 AM",Brad,Instagram,BetOnline/Wild Casino Watermark,Approved,206108,$103.05,https://www.instagram.com/reel/DQo-r6sEfX8/?igsh=NHZ6dm1xMXBpbm5n
"Nov 4, 2025, 09:53 AM",Logan | Gameday Media,Instagram,BetOnline/Wild Casino Watermark,Approved,56320,$28.16,https://www.instagram.com/reel/DQo-VILDTq4/?igsh=N2Q2dHBrbDBxZ2Jv
"Nov 4, 2025, 09:53 AM",Brad,Instagram,BetOnline/Wild Casino Watermark,Approved,339933,$169.97,https://www.instagram.com/reel/DQo-ZaKEYWk/?igsh=bGVpZ2lrcnE0d3hw
"Nov 4, 2025, 09:51 AM",KGC Team,Instagram,BetOnline/Wild Casino Watermark,Approved,300120,$150.06,https://www.instagram.com/reel/DQo-NXuDlUD/?igsh=MWVkbGpkaXE3aXQ4ag==
"Nov 4, 2025, 09:48 AM",Brad,Instagram,BetOnline/Wild Casino Watermark,Approved,272315,$136.16,https://www.instagram.com/reel/DQo9qEADsp9/?igsh=NHN4a3VkZGZjdWp4
"Nov 4, 2025, 08:35 AM",Truman Leong,Instagram,BetOnline/Wild Casino Watermark,Approved,6773,$3.39,https://www.instagram.com/reel/DQoxUslAch6/
"Nov 4, 2025, 08:35 AM",Truman Leong,Instagram,BetOnline/Wild Casino Watermark,Approved,18175,$9.09,https://www.instagram.com/reel/DQoK6MPgSIl/?utm_source=ig_web_copy_link&igsh=MzRlODBiNWFlZA==
"Nov 4, 2025, 08:33 AM",KGC Team,Instagram,BetOnline/Wild Casino Watermark,Approved,290146,$145.07,https://www.instagram.com/reel/DQo1OdTjiOb/?igsh=MWJjMjB4cTlsaXZpNQ==
"Nov 4, 2025, 08:16 AM",SC Enterprises,Instagram,BetOnline/Wild Casino Watermark,Approved,83759,$41.88,https://www.instagram.com/reel/DQozUNVDPzB/?igsh=MWZuMmdsYXFuMW8zNA==
"Nov 4, 2025, 07:54 AM",KGC Team,Instagram,BetOnline/Wild Casino Watermark,Approved,599500,$299.75,https://www.instagram.com/reel/DQowVz2iDmR/?igsh=MW9vd2h2aXkyMHJpZQ==
"Nov 4, 2025, 07:17 AM",KGC Team,Instagram,BetOnline/Wild Casino Watermark,Approved,355438,$177.72,https://www.instagram.com/reel/DQoshRWiOVx/?igsh=bm42Z2lucTZrejdz
"Nov 4, 2025, 07:07 AM",elo,Instagram,BetOnline/Wild Casino Watermark,Approved,86486,$43.24,https://www.instagram.com/reel/DQoqK4Fjsfu/?igsh=MjF0bXV2M3M3dnZs
"Nov 4, 2025, 06:56 AM",KGC Team,Instagram,BetOnline/Wild Casino Watermark,Approved,111985,$55.99,https://www.instagram.com/reel/DQoqLBNDOuK/?igsh=NTZyOXg1bG5icXZ0
"Nov 4, 2025, 06:51 AM",KGC Team,Instagram,BetOnline/Wild Casino Watermark,Approved,365988,$182.99,https://www.instagram.com/reel/DQopio5iH6i/?igsh=emZoZHFxNWU0b2hi
"Nov 4, 2025, 06:38 AM",IvyBey,Instagram,BetOnline/Wild Casino Watermark,Approved,5891,$2.95,https://www.instagram.com/reel/DQooOGnkquU/
"Nov 4, 2025, 06:29 AM",Tolga Bal,Instagram,BetOnline/Wild Casino Watermark,Approved,179460,$89.73,https://www.instagram.com/reel/DQonBqfiKrv/?igsh=cXRnZHVzN2VvajN6
"Nov 4, 2025, 06:28 AM",KGC Team,Instagram,BetOnline/Wild Casino Watermark,Approved,252123,$126.06,https://www.instagram.com/reel/DQomvdMCOkY/?igsh=MWg5ZWYxbHc4c3F0aQ==
"Nov 4, 2025, 06:12 AM",.,Instagram,BetOnline/Wild Casino Watermark,Approved,333830,$166.92,https://www.instagram.com/reel/DQok8bqCZIH/?igsh=bDhyYWIyN2EzcTlw
"Nov 4, 2025, 05:40 AM",KGC Team,Instagram,BetOnline/Wild Casino Watermark,Approved,348160,$174.08,https://www.instagram.com/reel/DQohCkoiPXJ/?igsh=OHVqNjZzdmsxdnoz
"Nov 4, 2025, 05:24 AM",instagrammer,Instagram,BetOnline/Wild Casino Watermark,Approved,54015,$27.01,https://www.instagram.com/reel/DQofm9WjgVM/?igsh=Nnh4YWxwampieWx0
"Nov 4, 2025, 05:14 AM",Frankie,Instagram,BetOnline/Wild Casino Watermark,Approved,621460,$300.00,https://www.instagram.com/reel/DQoeYx9jZFH/?igsh=am1mcHhndzAyMTdm
"Nov 4, 2025, 04:44 AM",elo,Instagram,BetOnline/Wild Casino Watermark,Approved,104820,$52.41,https://www.instagram.com/reel/DQoVwcUjiTs/?igsh=aWRreng4MHo2eGNu
"Nov 4, 2025, 04:43 AM",elo,Instagram,BetOnline/Wild Casino Watermark,Approved,104820,$52.41,https://www.instagram.com/reel/DQoVwcUjiTs/?igsh=aWRreng4MHo2eGNu
"Nov 4, 2025, 04:08 AM",KGC Team,Instagram,BetOnline/Wild Casino Watermark,Approved,65547,$32.77,https://www.instagram.com/reel/DQoWzoQiF5K/?igsh=MW93ejN3a2R0cjl5NQ==
"Nov 4, 2025, 03:52 AM",Truman Leong,Instagram,BetOnline/Wild Casino Watermark,Approved,19646,$9.82,https://www.instagram.com/reel/DQoO7gIE5Fn/?igsh=aDZnMjRlYzJiN3du
"Nov 4, 2025, 03:52 AM",Truman Leong,Instagram,BetOnline/Wild Casino Watermark,Approved,14587,$7.29,https://www.instagram.com/reel/DQoHa_Skzi2/?igsh=N3Z5d3U3eXNoMzJv
"Nov 4, 2025, 03:51 AM",Truman Leong,Instagram,BetOnline/Wild Casino Watermark,Approved,27284,$13.64,https://www.instagram.com/reel/DQn3QmPk6n3/?igsh=dGFjd251b2swdndj
"Nov 4, 2025, 03:21 AM",PG,Instagram,BetOnline/Wild Casino Watermark,Approved,16858,$8.43,https://www.instagram.com/reel/DQoRi48Dflu/?igsh=b2s5MnE5OHByb3I3
"Nov 4, 2025, 02:56 AM",elo,Instagram,BetOnline/Wild Casino Watermark,Approved,150732,$75.37,https://www.instagram.com/reel/DQnY6Jejhr6/?igsh=bG9kYmNuMmt0NWph
"Nov 4, 2025, 02:13 AM",Jason,Instagram,BetOnline/Wild Casino Watermark,Approved,1535740,$300.00,https://www.instagram.com/reel/DQoJk4ajt0f/?igsh=NGdlNHFjMnc1ZWR4
"Nov 4, 2025, 01:38 AM",Frankie,Instagram,BetOnline/Wild Casino Watermark,Approved,374300,$187.15,https://www.instagram.com/reel/DQoFuWFDQdA/?igsh=a21vcmI3NWlybTM=
"Nov 4, 2025, 12:18 AM",KGC Team,Instagram,BetOnline/Wild Casino Watermark,Approved,202581,$101.29,https://www.instagram.com/reel/DQn8uK3DGZY/?igsh=ZDg2d3UyOGxjcDVl
"Nov 4, 2025, 12:16 AM",KGC Team,Instagram,BetOnline/Wild Casino Watermark,Approved,204976,$102.49,https://www.instagram.com/reel/DQn8K0aCADJ/?igsh=MWV2YWRnYnBvbDNmeQ==
"Nov 4, 2025, 12:00 AM",ranod,Instagram,BetOnline/Wild Casino Watermark,Approved,43184,$21.59,https://www.instagram.com/reel/DQn6fggCDzC/?igsh=Ym5vamJ3czZ1c21j